-- MySQL dump 10.13  Distrib 8.0.17, for Win64 (x86_64)
--
-- Host: localhost    Database: gemfarma
-- ------------------------------------------------------
-- Server version	5.7.27-log

/*!40101 SET @OLD_CHARACTER_SET_CLIENT=@@CHARACTER_SET_CLIENT */;
/*!40101 SET @OLD_CHARACTER_SET_RESULTS=@@CHARACTER_SET_RESULTS */;
/*!40101 SET @OLD_COLLATION_CONNECTION=@@COLLATION_CONNECTION */;
/*!50503 SET NAMES utf8 */;
/*!40103 SET @OLD_TIME_ZONE=@@TIME_ZONE */;
/*!40103 SET TIME_ZONE='+00:00' */;
/*!40014 SET @OLD_UNIQUE_CHECKS=@@UNIQUE_CHECKS, UNIQUE_CHECKS=0 */;
/*!40014 SET @OLD_FOREIGN_KEY_CHECKS=@@FOREIGN_KEY_CHECKS, FOREIGN_KEY_CHECKS=0 */;
/*!40101 SET @OLD_SQL_MODE=@@SQL_MODE, SQL_MODE='NO_AUTO_VALUE_ON_ZERO' */;
/*!40111 SET @OLD_SQL_NOTES=@@SQL_NOTES, SQL_NOTES=0 */;

--
-- Table structure for table `bitacora`
--

DROP TABLE IF EXISTS `bitacora`;
/*!40101 SET @saved_cs_client     = @@character_set_client */;
/*!50503 SET character_set_client = utf8mb4 */;
CREATE TABLE `bitacora` (
  `bitacoracod` int(11) NOT NULL AUTO_INCREMENT,
  `bitacorafch` datetime DEFAULT NULL,
  `bitprograma` varchar(15) DEFAULT NULL,
  `bitdescripcion` varchar(255) DEFAULT NULL,
  `bitobservacion` mediumtext,
  `bitTipo` char(3) DEFAULT NULL,
  `bitusuario` bigint(18) DEFAULT NULL,
  PRIMARY KEY (`bitacoracod`)
) ENGINE=InnoDB AUTO_INCREMENT=14 DEFAULT CHARSET=utf8;
/*!40101 SET character_set_client = @saved_cs_client */;

--
-- Dumping data for table `bitacora`
--

LOCK TABLES `bitacora` WRITE;
/*!40000 ALTER TABLE `bitacora` DISABLE KEYS */;
INSERT INTO `bitacora` VALUES (10,'2020-12-02 11:55:00','SEC001','Insert User','{\"mode\":\"INS\",\"modeDesc\":\"\",\"tocken\":\"986d13897d7ec3390481f64bc3b521e5\",\"errores\":[],\"haserrores\":false,\"readonly\":false,\"isinsert\":true,\"isRolEdit\":false,\"tipoUsuarios\":[{\"codigo\":\"ADM\",\"valor\":\"Administrador\"},{\"codigo\":\"USR\",\"valor\":\"Usuario\"},{\"codigo\":\"CNS\",\"valor\":\"Consultor\"},{\"codigo\":\"CLT\",\"valor\":\"Cliente\"}],\"estadoUsuarios\":[{\"codigo\":\"PND\",\"valor\":\"Sin Activar\"},{\"codigo\":\"ACT\",\"valor\":\"Activo\"},{\"codigo\":\"SPD\",\"valor\":\"Suspendido\"},{\"codigo\":\"INA\",\"valor\":\"Inactivo\"}],\"usrcod\":0,\"useremail\":\"consultor@gemfarma.com\",\"username\":\"Elieth Colindres\",\"usertipo\":\"ADM\",\"userest\":\"ACT\",\"userpswd\":\"Elieth-20\"}','INF',2),(11,'2020-12-02 11:55:11','SEC001','Update User','{\"mode\":\"UPD\",\"modeDesc\":\"\",\"tocken\":\"482332e1c59bc27babe4e636e65bc438\",\"errores\":[],\"haserrores\":false,\"readonly\":false,\"isinsert\":false,\"isRolEdit\":false,\"tipoUsuarios\":[{\"codigo\":\"ADM\",\"valor\":\"Administrador\"},{\"codigo\":\"USR\",\"valor\":\"Usuario\"},{\"codigo\":\"CNS\",\"valor\":\"Consultor\"},{\"codigo\":\"CLT\",\"valor\":\"Cliente\"}],\"estadoUsuarios\":[{\"codigo\":\"PND\",\"valor\":\"Sin Activar\"},{\"codigo\":\"ACT\",\"valor\":\"Activo\"},{\"codigo\":\"SPD\",\"valor\":\"Suspendido\"},{\"codigo\":\"INA\",\"valor\":\"Inactivo\"}],\"usrcod\":3,\"useremail\":\"consultor@gemfarma.com\",\"username\":\"Elieth Colindres\",\"usertipo\":\"CNS\",\"userest\":\"ACT\",\"userpswd\":\"Elieth-20\"}','INF',2),(12,'2020-12-02 11:55:50','SEC001','Insert User','{\"mode\":\"INS\",\"modeDesc\":\"\",\"tocken\":\"2101d0f8d26cf6f266af1784f12caeb9\",\"errores\":[],\"haserrores\":false,\"readonly\":false,\"isinsert\":true,\"isRolEdit\":false,\"tipoUsuarios\":[{\"codigo\":\"ADM\",\"valor\":\"Administrador\"},{\"codigo\":\"USR\",\"valor\":\"Usuario\"},{\"codigo\":\"CNS\",\"valor\":\"Consultor\"},{\"codigo\":\"CLT\",\"valor\":\"Cliente\"}],\"estadoUsuarios\":[{\"codigo\":\"PND\",\"valor\":\"Sin Activar\"},{\"codigo\":\"ACT\",\"valor\":\"Activo\"},{\"codigo\":\"SPD\",\"valor\":\"Suspendido\"},{\"codigo\":\"INA\",\"valor\":\"Inactivo\"}],\"usrcod\":0,\"useremail\":\"Usuario@gemfarma.com\",\"username\":\"Michael Interiano\",\"usertipo\":\"USR\",\"userest\":\"ACT\",\"userpswd\":\"Michael-19\"}','INF',2),(13,'2020-12-02 11:56:22','SEC001','Insert User','{\"mode\":\"INS\",\"modeDesc\":\"\",\"tocken\":\"1d8377bcf8a50e076779a167fa255dc0\",\"errores\":[],\"haserrores\":false,\"readonly\":false,\"isinsert\":true,\"isRolEdit\":false,\"tipoUsuarios\":[{\"codigo\":\"ADM\",\"valor\":\"Administrador\"},{\"codigo\":\"USR\",\"valor\":\"Usuario\"},{\"codigo\":\"CNS\",\"valor\":\"Consultor\"},{\"codigo\":\"CLT\",\"valor\":\"Cliente\"}],\"estadoUsuarios\":[{\"codigo\":\"PND\",\"valor\":\"Sin Activar\"},{\"codigo\":\"ACT\",\"valor\":\"Activo\"},{\"codigo\":\"SPD\",\"valor\":\"Suspendido\"},{\"codigo\":\"INA\",\"valor\":\"Inactivo\"}],\"usrcod\":0,\"useremail\":\"cliente@gmail.com\",\"username\":\"Gloria Padilla\",\"usertipo\":\"CLT\",\"userest\":\"ACT\",\"userpswd\":\"Gloria-20\"}','INF',2);
/*!40000 ALTER TABLE `bitacora` ENABLE KEYS */;
UNLOCK TABLES;

--
-- Table structure for table `carretilla`
--

DROP TABLE IF EXISTS `carretilla`;
/*!40101 SET @saved_cs_client     = @@character_set_client */;
/*!50503 SET character_set_client = utf8mb4 */;
CREATE TABLE `carretilla` (
  `usercod` bigint(10) NOT NULL,
  `codprd` bigint(18) NOT NULL,
  `crrctd` int(5) NOT NULL,
  `crrprc` decimal(12,2) NOT NULL,
  `crrfching` datetime NOT NULL,
  PRIMARY KEY (`usercod`,`codprd`),
  KEY `codprd_idx` (`codprd`),
  CONSTRAINT `carretilla_prd_key` FOREIGN KEY (`codprd`) REFERENCES `productos` (`codprd`) ON DELETE NO ACTION ON UPDATE NO ACTION,
  CONSTRAINT `carretilla_user_key` FOREIGN KEY (`usercod`) REFERENCES `usuario` (`usercod`) ON DELETE NO ACTION ON UPDATE NO ACTION
) ENGINE=InnoDB DEFAULT CHARSET=utf8mb4;
/*!40101 SET character_set_client = @saved_cs_client */;

--
-- Dumping data for table `carretilla`
--

LOCK TABLES `carretilla` WRITE;
/*!40000 ALTER TABLE `carretilla` DISABLE KEYS */;
INSERT INTO `carretilla` VALUES (5,1,10,10.00,'2020-12-02 12:34:26'),(8,1,5,10.00,'2020-12-07 23:11:08'),(8,2,2,1.00,'2020-12-07 23:08:02');
/*!40000 ALTER TABLE `carretilla` ENABLE KEYS */;
UNLOCK TABLES;

--
-- Table structure for table `carretillaanon`
--

DROP TABLE IF EXISTS `carretillaanon`;
/*!40101 SET @saved_cs_client     = @@character_set_client */;
/*!50503 SET character_set_client = utf8mb4 */;
CREATE TABLE `carretillaanon` (
  `anoncod` varchar(128) NOT NULL,
  `codprd` bigint(18) NOT NULL,
  `crrctd` int(5) NOT NULL,
  `crrprc` decimal(12,2) NOT NULL,
  `crrfching` datetime NOT NULL,
  PRIMARY KEY (`anoncod`,`codprd`),
  KEY `codprd_idx` (`codprd`),
  CONSTRAINT `carretillaanon_prd_key` FOREIGN KEY (`codprd`) REFERENCES `productos` (`codprd`) ON DELETE NO ACTION ON UPDATE NO ACTION
) ENGINE=InnoDB DEFAULT CHARSET=utf8mb4;
/*!40101 SET character_set_client = @saved_cs_client */;

--
-- Dumping data for table `carretillaanon`
--

LOCK TABLES `carretillaanon` WRITE;
/*!40000 ALTER TABLE `carretillaanon` DISABLE KEYS */;
INSERT INTO `carretillaanon` VALUES ('16073915051506',2,2,1.00,'2020-12-07 19:38:26');
/*!40000 ALTER TABLE `carretillaanon` ENABLE KEYS */;
UNLOCK TABLES;

--
-- Table structure for table `categorias`
--

DROP TABLE IF EXISTS `categorias`;
/*!40101 SET @saved_cs_client     = @@character_set_client */;
/*!50503 SET character_set_client = utf8mb4 */;
CREATE TABLE `categorias` (
  `ctgcod` int(10) unsigned NOT NULL AUTO_INCREMENT,
  `ctgdsc` varchar(70) NOT NULL,
  `ctgest` char(3) NOT NULL DEFAULT 'ACT',
  PRIMARY KEY (`ctgcod`)
) ENGINE=InnoDB AUTO_INCREMENT=10 DEFAULT CHARSET=utf8mb4;
/*!40101 SET character_set_client = @saved_cs_client */;

--
-- Dumping data for table `categorias`
--

LOCK TABLES `categorias` WRITE;
/*!40000 ALTER TABLE `categorias` DISABLE KEYS */;
INSERT INTO `categorias` VALUES (1,'Analgésicos','ACT'),(2,'Antiácidos','ACT'),(3,'Antialérgicos','ACT'),(4,'Antidiarreicos','ACT'),(5,'Antiinfecciosos','ACT'),(6,'Antiinflamatorios','ACT'),(7,'Antipiréticos','ACT'),(8,'Antitusivos y mucolíticos','ACT'),(9,'Capsulas','ACT');
/*!40000 ALTER TABLE `categorias` ENABLE KEYS */;
UNLOCK TABLES;

--
-- Table structure for table `centrocostos`
--

DROP TABLE IF EXISTS `centrocostos`;
/*!40101 SET @saved_cs_client     = @@character_set_client */;
/*!50503 SET character_set_client = utf8mb4 */;
CREATE TABLE `centrocostos` (
  `cccod` bigint(18) NOT NULL AUTO_INCREMENT,
  `ccdsc` varchar(128) NOT NULL,
  `ccest` varchar(45) NOT NULL,
  PRIMARY KEY (`cccod`)
) ENGINE=InnoDB DEFAULT CHARSET=utf8mb4;
/*!40101 SET character_set_client = @saved_cs_client */;

--
-- Dumping data for table `centrocostos`
--

LOCK TABLES `centrocostos` WRITE;
/*!40000 ALTER TABLE `centrocostos` DISABLE KEYS */;
/*!40000 ALTER TABLE `centrocostos` ENABLE KEYS */;
UNLOCK TABLES;

--
-- Table structure for table `factura`
--

DROP TABLE IF EXISTS `factura`;
/*!40101 SET @saved_cs_client     = @@character_set_client */;
/*!50503 SET character_set_client = utf8mb4 */;
CREATE TABLE `factura` (
  `fctcod` bigint(18) NOT NULL AUTO_INCREMENT,
  `fctfch` datetime DEFAULT NULL,
  `userCode` bigint(18) unsigned DEFAULT NULL,
  `fctEst` char(3) DEFAULT NULL,
  `fctMonto` decimal(13,2) DEFAULT NULL,
  `fctIva` decimal(13,2) DEFAULT NULL,
  `fctShip` decimal(13,2) DEFAULT NULL,
  `fctTotal` decimal(13,2) DEFAULT NULL,
  `fctPayRef` varchar(255) DEFAULT NULL,
  `fctShpAddr` varchar(255) DEFAULT NULL,
  PRIMARY KEY (`fctcod`)
) ENGINE=InnoDB AUTO_INCREMENT=63 DEFAULT CHARSET=utf8mb4;
/*!40101 SET character_set_client = @saved_cs_client */;

--
-- Dumping data for table `factura`
--

LOCK TABLES `factura` WRITE;
/*!40000 ALTER TABLE `factura` DISABLE KEYS */;
INSERT INTO `factura` VALUES (1,'2020-12-06 20:58:43',8,'APR',50.00,0.00,0.00,50.00,'',''),(2,'2020-12-06 21:15:02',8,'APR',0.00,0.00,0.00,0.00,'',''),(3,'2020-12-07 01:11:45',8,'APR',3.00,0.00,0.00,3.00,'',''),(4,'2020-12-07 01:22:06',8,'APR',1.00,0.00,0.00,1.00,'',''),(5,'2020-12-09 00:06:46',9,'APR',1.00,0.00,0.00,1.00,'',''),(6,'2020-12-09 00:38:13',2,'APR',254.00,0.00,0.00,254.00,'',''),(7,'2020-12-09 00:41:58',2,'APR',0.00,0.00,0.00,0.00,'',''),(8,'2020-12-09 00:42:06',2,'APR',0.00,0.00,0.00,0.00,'',''),(9,'2020-12-09 00:42:14',2,'APR',0.00,0.00,0.00,0.00,'',''),(10,'2020-12-09 01:58:20',9,'APR',1.00,0.00,0.00,1.00,'',''),(11,'2020-12-09 01:58:58',9,'APR',0.00,0.00,0.00,0.00,'',''),(12,'2020-12-09 02:01:58',9,'APR',0.00,0.00,0.00,0.00,'',''),(13,'2020-12-09 02:02:31',9,'APR',1.00,0.00,0.00,1.00,'',''),(14,'2020-12-09 02:07:23',9,'APR',0.00,0.00,0.00,0.00,'',''),(15,'2020-12-09 02:08:06',9,'APR',0.00,0.00,0.00,0.00,'',''),(16,'2020-12-09 02:08:55',9,'APR',0.00,0.00,0.00,0.00,'',''),(17,'2020-12-09 02:17:01',9,'APR',0.00,0.00,0.00,0.00,'',''),(18,'2020-12-09 02:17:48',9,'APR',0.00,0.00,0.00,0.00,'',''),(19,'2020-12-09 02:24:50',9,'APR',0.00,0.00,0.00,0.00,'',''),(20,'2020-12-09 03:08:13',2,'APR',0.00,0.00,0.00,0.00,'',''),(21,'2020-12-09 03:08:25',2,'APR',0.00,0.00,0.00,0.00,'',''),(22,'2020-12-09 03:11:43',2,'APR',0.00,0.00,0.00,0.00,'',''),(23,'2020-12-09 03:12:53',2,'APR',0.00,0.00,0.00,0.00,'',''),(24,'2020-12-09 03:21:07',2,'APR',0.00,0.00,0.00,0.00,'',''),(25,'2020-12-09 03:24:13',2,'APR',0.00,0.00,0.00,0.00,'',''),(26,'2020-12-09 03:33:22',2,'APR',0.00,0.00,0.00,0.00,'',''),(27,'2020-12-09 03:33:49',2,'APR',0.00,0.00,0.00,0.00,'',''),(28,'2020-12-09 19:16:06',2,'APR',0.00,0.00,0.00,0.00,'',''),(29,'2020-12-09 19:49:35',2,'APR',0.00,0.00,0.00,0.00,'',''),(30,'2020-12-09 19:50:02',2,'APR',0.00,0.00,0.00,0.00,'',''),(31,'2020-12-09 19:50:11',2,'APR',0.00,0.00,0.00,0.00,'',''),(32,'2020-12-09 19:54:30',2,'APR',0.00,0.00,0.00,0.00,'',''),(33,'2020-12-09 19:55:34',2,'APR',0.00,0.00,0.00,0.00,'',''),(34,'2020-12-09 19:57:05',2,'APR',0.00,0.00,0.00,0.00,'',''),(35,'2020-12-09 20:00:03',2,'APR',0.00,0.00,0.00,0.00,'',''),(36,'2020-12-09 20:01:47',2,'APR',1.00,0.00,0.00,1.00,'',''),(37,'2020-12-09 20:11:15',2,'APR',0.00,0.00,0.00,0.00,'',''),(38,'2020-12-09 20:11:33',2,'APR',0.00,0.00,0.00,0.00,'',''),(39,'2020-12-09 20:19:16',2,'APR',0.00,0.00,0.00,0.00,'',''),(40,'2020-12-09 22:43:34',2,'APR',0.00,0.00,0.00,0.00,'',''),(41,'2020-12-09 22:46:38',2,'APR',0.00,0.00,0.00,0.00,'',''),(42,'2020-12-09 22:49:57',2,'APR',0.00,0.00,0.00,0.00,'',''),(43,'2020-12-09 22:50:51',2,'APR',0.00,0.00,0.00,0.00,'',''),(44,'2020-12-09 22:52:10',2,'APR',0.00,0.00,0.00,0.00,'',''),(45,'2020-12-09 22:53:13',2,'APR',0.00,0.00,0.00,0.00,'',''),(46,'2020-12-09 23:16:54',2,'APR',1.00,0.00,0.00,1.00,'',''),(47,'2020-12-09 23:18:01',2,'APR',0.00,0.00,0.00,0.00,'',''),(48,'2020-12-09 23:19:32',2,'APR',0.00,0.00,0.00,0.00,'',''),(49,'2020-12-09 23:20:11',2,'APR',0.00,0.00,0.00,0.00,'',''),(50,'2020-12-09 23:21:19',2,'APR',0.00,0.00,0.00,0.00,'',''),(51,'2020-12-09 23:21:35',2,'APR',0.00,0.00,0.00,0.00,'',''),(52,'2020-12-09 23:24:27',2,'APR',0.00,0.00,0.00,0.00,'',''),(53,'2020-12-09 23:27:16',2,'APR',0.00,0.00,0.00,0.00,'',''),(54,'2020-12-09 23:29:02',2,'APR',1.00,0.00,0.00,1.00,'',''),(55,'2020-12-09 23:30:09',2,'APR',1.00,0.00,0.00,1.00,'',''),(56,'2020-12-09 23:32:06',2,'APR',0.00,0.00,0.00,0.00,'',''),(57,'2020-12-09 23:32:50',2,'APR',0.00,0.00,0.00,0.00,'',''),(58,'2020-12-09 23:33:18',2,'APR',0.00,0.00,0.00,0.00,'',''),(59,'2020-12-09 23:34:02',2,'APR',0.00,0.00,0.00,0.00,'',''),(60,'2020-12-09 23:35:28',2,'APR',0.00,0.00,0.00,0.00,'',''),(61,'2020-12-13 18:35:52',9,'APR',12.00,0.00,0.00,12.00,'',''),(62,'2020-12-13 18:36:45',9,'APR',1.00,0.00,0.00,1.00,'','');
/*!40000 ALTER TABLE `factura` ENABLE KEYS */;
UNLOCK TABLES;

--
-- Table structure for table `factura_detalle`
--

DROP TABLE IF EXISTS `factura_detalle`;
/*!40101 SET @saved_cs_client     = @@character_set_client */;
/*!50503 SET character_set_client = utf8mb4 */;
CREATE TABLE `factura_detalle` (
  `fctcod` bigint(18) NOT NULL,
  `codprd` bigint(18) NOT NULL,
  `fctDsc` varchar(70) DEFAULT NULL,
  `fctCtd` int(5) DEFAULT NULL,
  `fctPrc` decimal(12,2) DEFAULT NULL,
  PRIMARY KEY (`fctcod`,`codprd`)
) ENGINE=InnoDB DEFAULT CHARSET=utf8mb4;
/*!40101 SET character_set_client = @saved_cs_client */;

--
-- Dumping data for table `factura_detalle`
--

LOCK TABLES `factura_detalle` WRITE;
/*!40000 ALTER TABLE `factura_detalle` DISABLE KEYS */;
INSERT INTO `factura_detalle` VALUES (1,1,'acetaminofen',5,10.00),(3,2,'Sudagrip',3,1.00),(4,2,'Sudagrip',1,1.00),(5,2,'Sudagrip',1,1.00),(6,1,'acetaminofen',25,10.00),(6,2,'Sudagrip',4,1.00),(10,2,'Sudagrip',1,1.00),(13,2,'Sudagrip',1,1.00),(36,2,'Sudagrip',1,1.00),(46,2,'Sudagrip',1,1.00),(54,2,'Sudagrip',1,1.00),(55,2,'Sudagrip',1,1.00),(61,1,'acetaminofen',1,10.00),(61,2,'Sudagrip',2,1.00),(62,2,'Sudagrip',1,1.00);
/*!40000 ALTER TABLE `factura_detalle` ENABLE KEYS */;
UNLOCK TABLES;

--
-- Table structure for table `factura_forma_pago`
--

DROP TABLE IF EXISTS `factura_forma_pago`;
/*!40101 SET @saved_cs_client     = @@character_set_client */;
/*!50503 SET character_set_client = utf8mb4 */;
CREATE TABLE `factura_forma_pago` (
  `fctcod` bigint(18) NOT NULL,
  `fctfrmpago` varchar(45) NOT NULL,
  `fctfrmdata` mediumtext,
  PRIMARY KEY (`fctcod`,`fctfrmpago`)
) ENGINE=InnoDB DEFAULT CHARSET=utf8mb4;
/*!40101 SET character_set_client = @saved_cs_client */;

--
-- Dumping data for table `factura_forma_pago`
--

LOCK TABLES `factura_forma_pago` WRITE;
/*!40000 ALTER TABLE `factura_forma_pago` DISABLE KEYS */;
INSERT INTO `factura_forma_pago` VALUES (1,'PAYPAL','{\"id\":\"PAYID-L7GZRSI5P2968460B496554P\",\"intent\":\"sale\",\"state\":\"approved\",\"cart\":\"5M11317589733083X\",\"payer\":{\"payment_method\":\"paypal\",\"status\":\"VERIFIED\",\"payer_info\":{\"email\":\"sb-tlm4h3948077@personal.example.com\",\"first_name\":\"John\",\"last_name\":\"Doe\",\"payer_id\":\"J8E2MEN7M735U\",\"shipping_address\":{\"recipient_name\":\"John Doe\",\"line1\":\"Free Trade Zone\",\"city\":\"Tegucigalpa\",\"state\":\"Tegucigalpa\",\"postal_code\":\"12345\",\"country_code\":\"HN\"},\"phone\":\"5047814325\",\"country_code\":\"HN\"}},\"transactions\":[{\"amount\":{\"total\":\"50.00\",\"currency\":\"USD\",\"details\":{\"subtotal\":\"50.00\",\"shipping\":\"0.00\",\"insurance\":\"0.00\",\"handling_fee\":\"0.00\",\"shipping_discount\":\"0.00\",\"discount\":\"0.00\"}},\"payee\":{\"merchant_id\":\"CAMTBSFL85D3W\",\"email\":\"sb-ohxbs3912281@business.example.com\"},\"description\":\"acetaminofen\",\"note_to_payee\":\"Orden de Compra\",\"item_list\":{\"items\":[{\"name\":\"acetaminofen\",\"sku\":\"aceta1\",\"price\":\"10.00\",\"currency\":\"USD\",\"tax\":\"0.00\",\"quantity\":5}],\"shipping_address\":{\"recipient_name\":\"John Doe\",\"line1\":\"Free Trade Zone\",\"city\":\"Tegucigalpa\",\"state\":\"Tegucigalpa\",\"postal_code\":\"12345\",\"country_code\":\"HN\"}},\"related_resources\":[{\"sale\":{\"id\":\"42757381AR329631F\",\"state\":\"completed\",\"amount\":{\"total\":\"50.00\",\"currency\":\"USD\",\"details\":{\"subtotal\":\"50.00\",\"shipping\":\"0.00\",\"insurance\":\"0.00\",\"handling_fee\":\"0.00\",\"shipping_discount\":\"0.00\",\"discount\":\"0.00\"}},\"payment_mode\":\"INSTANT_TRANSFER\",\"protection_eligibility\":\"ELIGIBLE\",\"protection_eligibility_type\":\"ITEM_NOT_RECEIVED_ELIGIBLE,UNAUTHORIZED_PAYMENT_ELIGIBLE\",\"transaction_fee\":{\"value\":\"2.75\",\"currency\":\"USD\"},\"parent_payment\":\"PAYID-L7GZRSI5P2968460B496554P\",\"create_time\":\"2020-12-07T02:58:42Z\",\"update_time\":\"2020-12-07T02:58:42Z\",\"links\":[{\"href\":\"https://api.sandbox.paypal.com/v1/payments/sale/42757381AR329631F\",\"rel\":\"self\",\"method\":\"GET\"},{\"href\":\"https://api.sandbox.paypal.com/v1/payments/sale/42757381AR329631F/refund\",\"rel\":\"refund\",\"method\":\"POST\"},{\"href\":\"https://api.sandbox.paypal.com/v1/payments/payment/PAYID-L7GZRSI5P2968460B496554P\",\"rel\":\"parent_payment\",\"method\":\"GET\"}]}}]}],\"create_time\":\"2020-12-07T02:51:53Z\",\"update_time\":\"2020-12-07T02:58:42Z\",\"links\":[{\"href\":\"https://api.sandbox.paypal.com/v1/payments/payment/PAYID-L7GZRSI5P2968460B496554P\",\"rel\":\"self\",\"method\":\"GET\"}]}'),(2,'PAYPAL','{\"id\":\"PAYID-L7GZRSI5P2968460B496554P\",\"intent\":\"sale\",\"state\":\"approved\",\"cart\":\"5M11317589733083X\",\"payer\":{\"payment_method\":\"paypal\",\"status\":\"VERIFIED\",\"payer_info\":{\"email\":\"sb-tlm4h3948077@personal.example.com\",\"first_name\":\"John\",\"last_name\":\"Doe\",\"payer_id\":\"J8E2MEN7M735U\",\"shipping_address\":{\"recipient_name\":\"John Doe\",\"line1\":\"Free Trade Zone\",\"city\":\"Tegucigalpa\",\"state\":\"Tegucigalpa\",\"postal_code\":\"12345\",\"country_code\":\"HN\"},\"phone\":\"5047814325\",\"country_code\":\"HN\"}},\"transactions\":[{\"amount\":{\"total\":\"50.00\",\"currency\":\"USD\",\"details\":{\"subtotal\":\"50.00\",\"shipping\":\"0.00\",\"insurance\":\"0.00\",\"handling_fee\":\"0.00\",\"shipping_discount\":\"0.00\",\"discount\":\"0.00\"}},\"payee\":{\"merchant_id\":\"CAMTBSFL85D3W\",\"email\":\"sb-ohxbs3912281@business.example.com\"},\"description\":\"acetaminofen\",\"note_to_payee\":\"Orden de Compra\",\"item_list\":{\"items\":[{\"name\":\"acetaminofen\",\"sku\":\"aceta1\",\"price\":\"10.00\",\"currency\":\"USD\",\"tax\":\"0.00\",\"quantity\":5}],\"shipping_address\":{\"recipient_name\":\"John Doe\",\"line1\":\"Free Trade Zone\",\"city\":\"Tegucigalpa\",\"state\":\"Tegucigalpa\",\"postal_code\":\"12345\",\"country_code\":\"HN\"}},\"related_resources\":[{\"sale\":{\"id\":\"42757381AR329631F\",\"state\":\"completed\",\"amount\":{\"total\":\"50.00\",\"currency\":\"USD\",\"details\":{\"subtotal\":\"50.00\",\"shipping\":\"0.00\",\"insurance\":\"0.00\",\"handling_fee\":\"0.00\",\"shipping_discount\":\"0.00\",\"discount\":\"0.00\"}},\"payment_mode\":\"INSTANT_TRANSFER\",\"protection_eligibility\":\"ELIGIBLE\",\"protection_eligibility_type\":\"ITEM_NOT_RECEIVED_ELIGIBLE,UNAUTHORIZED_PAYMENT_ELIGIBLE\",\"transaction_fee\":{\"value\":\"2.75\",\"currency\":\"USD\"},\"parent_payment\":\"PAYID-L7GZRSI5P2968460B496554P\",\"create_time\":\"2020-12-07T02:58:42Z\",\"update_time\":\"2020-12-07T02:58:42Z\",\"links\":[{\"href\":\"https://api.sandbox.paypal.com/v1/payments/sale/42757381AR329631F\",\"rel\":\"self\",\"method\":\"GET\"},{\"href\":\"https://api.sandbox.paypal.com/v1/payments/sale/42757381AR329631F/refund\",\"rel\":\"refund\",\"method\":\"POST\"},{\"href\":\"https://api.sandbox.paypal.com/v1/payments/payment/PAYID-L7GZRSI5P2968460B496554P\",\"rel\":\"parent_payment\",\"method\":\"GET\"}]}}]}],\"create_time\":\"2020-12-07T02:51:53Z\",\"update_time\":\"2020-12-07T02:58:42Z\",\"links\":[{\"href\":\"https://api.sandbox.paypal.com/v1/payments/payment/PAYID-L7GZRSI5P2968460B496554P\",\"rel\":\"self\",\"method\":\"GET\"}]}'),(3,'PAYPAL','{\"id\":\"PAYID-L7G5KYA01077198PW341310V\",\"intent\":\"sale\",\"state\":\"approved\",\"cart\":\"8HM12873KP602342C\",\"payer\":{\"payment_method\":\"paypal\",\"status\":\"VERIFIED\",\"payer_info\":{\"email\":\"sb-tlm4h3948077@personal.example.com\",\"first_name\":\"John\",\"last_name\":\"Doe\",\"payer_id\":\"J8E2MEN7M735U\",\"shipping_address\":{\"recipient_name\":\"John Doe\",\"line1\":\"Free Trade Zone\",\"city\":\"Tegucigalpa\",\"state\":\"Tegucigalpa\",\"postal_code\":\"12345\",\"country_code\":\"HN\"},\"phone\":\"5047814325\",\"country_code\":\"HN\"}},\"transactions\":[{\"amount\":{\"total\":\"3.00\",\"currency\":\"USD\",\"details\":{\"subtotal\":\"3.00\",\"shipping\":\"0.00\",\"insurance\":\"0.00\",\"handling_fee\":\"0.00\",\"shipping_discount\":\"0.00\",\"discount\":\"0.00\"}},\"payee\":{\"merchant_id\":\"CAMTBSFL85D3W\",\"email\":\"sb-ohxbs3912281@business.example.com\"},\"description\":\"Sudagrip\",\"note_to_payee\":\"Orden de Compra\",\"item_list\":{\"items\":[{\"name\":\"Sudagrip\",\"sku\":\"NANI\",\"price\":\"1.00\",\"currency\":\"USD\",\"tax\":\"0.00\",\"quantity\":3}],\"shipping_address\":{\"recipient_name\":\"John Doe\",\"line1\":\"Free Trade Zone\",\"city\":\"Tegucigalpa\",\"state\":\"Tegucigalpa\",\"postal_code\":\"12345\",\"country_code\":\"HN\"}},\"related_resources\":[{\"sale\":{\"id\":\"7K4559532H479721H\",\"state\":\"completed\",\"amount\":{\"total\":\"3.00\",\"currency\":\"USD\",\"details\":{\"subtotal\":\"3.00\",\"shipping\":\"0.00\",\"insurance\":\"0.00\",\"handling_fee\":\"0.00\",\"shipping_discount\":\"0.00\",\"discount\":\"0.00\"}},\"payment_mode\":\"INSTANT_TRANSFER\",\"protection_eligibility\":\"ELIGIBLE\",\"protection_eligibility_type\":\"ITEM_NOT_RECEIVED_ELIGIBLE,UNAUTHORIZED_PAYMENT_ELIGIBLE\",\"transaction_fee\":{\"value\":\"0.45\",\"currency\":\"USD\"},\"parent_payment\":\"PAYID-L7G5KYA01077198PW341310V\",\"create_time\":\"2020-12-07T07:11:44Z\",\"update_time\":\"2020-12-07T07:11:44Z\",\"links\":[{\"href\":\"https://api.sandbox.paypal.com/v1/payments/sale/7K4559532H479721H\",\"rel\":\"self\",\"method\":\"GET\"},{\"href\":\"https://api.sandbox.paypal.com/v1/payments/sale/7K4559532H479721H/refund\",\"rel\":\"refund\",\"method\":\"POST\"},{\"href\":\"https://api.sandbox.paypal.com/v1/payments/payment/PAYID-L7G5KYA01077198PW341310V\",\"rel\":\"parent_payment\",\"method\":\"GET\"}]}}]}],\"create_time\":\"2020-12-07T07:10:24Z\",\"update_time\":\"2020-12-07T07:11:44Z\",\"links\":[{\"href\":\"https://api.sandbox.paypal.com/v1/payments/payment/PAYID-L7G5KYA01077198PW341310V\",\"rel\":\"self\",\"method\":\"GET\"}]}'),(4,'PAYPAL','{\"id\":\"PAYID-L7G5KYA01077198PW341310V\",\"intent\":\"sale\",\"state\":\"approved\",\"cart\":\"8HM12873KP602342C\",\"payer\":{\"payment_method\":\"paypal\",\"status\":\"VERIFIED\",\"payer_info\":{\"email\":\"sb-tlm4h3948077@personal.example.com\",\"first_name\":\"John\",\"last_name\":\"Doe\",\"payer_id\":\"J8E2MEN7M735U\",\"shipping_address\":{\"recipient_name\":\"John Doe\",\"line1\":\"Free Trade Zone\",\"city\":\"Tegucigalpa\",\"state\":\"Tegucigalpa\",\"postal_code\":\"12345\",\"country_code\":\"HN\"},\"phone\":\"5047814325\",\"country_code\":\"HN\"}},\"transactions\":[{\"amount\":{\"total\":\"3.00\",\"currency\":\"USD\",\"details\":{\"subtotal\":\"3.00\",\"shipping\":\"0.00\",\"insurance\":\"0.00\",\"handling_fee\":\"0.00\",\"shipping_discount\":\"0.00\",\"discount\":\"0.00\"}},\"payee\":{\"merchant_id\":\"CAMTBSFL85D3W\",\"email\":\"sb-ohxbs3912281@business.example.com\"},\"description\":\"Sudagrip\",\"note_to_payee\":\"Orden de Compra\",\"item_list\":{\"items\":[{\"name\":\"Sudagrip\",\"sku\":\"NANI\",\"price\":\"1.00\",\"currency\":\"USD\",\"tax\":\"0.00\",\"quantity\":3}],\"shipping_address\":{\"recipient_name\":\"John Doe\",\"line1\":\"Free Trade Zone\",\"city\":\"Tegucigalpa\",\"state\":\"Tegucigalpa\",\"postal_code\":\"12345\",\"country_code\":\"HN\"}},\"related_resources\":[{\"sale\":{\"id\":\"7K4559532H479721H\",\"state\":\"completed\",\"amount\":{\"total\":\"3.00\",\"currency\":\"USD\",\"details\":{\"subtotal\":\"3.00\",\"shipping\":\"0.00\",\"insurance\":\"0.00\",\"handling_fee\":\"0.00\",\"shipping_discount\":\"0.00\",\"discount\":\"0.00\"}},\"payment_mode\":\"INSTANT_TRANSFER\",\"protection_eligibility\":\"ELIGIBLE\",\"protection_eligibility_type\":\"ITEM_NOT_RECEIVED_ELIGIBLE,UNAUTHORIZED_PAYMENT_ELIGIBLE\",\"transaction_fee\":{\"value\":\"0.45\",\"currency\":\"USD\"},\"parent_payment\":\"PAYID-L7G5KYA01077198PW341310V\",\"create_time\":\"2020-12-07T07:11:44Z\",\"update_time\":\"2020-12-07T07:11:44Z\",\"links\":[{\"href\":\"https://api.sandbox.paypal.com/v1/payments/sale/7K4559532H479721H\",\"rel\":\"self\",\"method\":\"GET\"},{\"href\":\"https://api.sandbox.paypal.com/v1/payments/sale/7K4559532H479721H/refund\",\"rel\":\"refund\",\"method\":\"POST\"},{\"href\":\"https://api.sandbox.paypal.com/v1/payments/payment/PAYID-L7G5KYA01077198PW341310V\",\"rel\":\"parent_payment\",\"method\":\"GET\"}]}}]}],\"create_time\":\"2020-12-07T07:10:24Z\",\"update_time\":\"2020-12-07T07:11:44Z\",\"links\":[{\"href\":\"https://api.sandbox.paypal.com/v1/payments/payment/PAYID-L7G5KYA01077198PW341310V\",\"rel\":\"self\",\"method\":\"GET\"}]}'),(5,'PAYPAL','{\"id\":\"PAYID-L7IGSYI2W630548MT7532331\",\"intent\":\"sale\",\"state\":\"approved\",\"cart\":\"23927333SH636441P\",\"payer\":{\"payment_method\":\"paypal\",\"status\":\"VERIFIED\",\"payer_info\":{\"email\":\"sb-tlm4h3948077@personal.example.com\",\"first_name\":\"John\",\"last_name\":\"Doe\",\"payer_id\":\"J8E2MEN7M735U\",\"shipping_address\":{\"recipient_name\":\"John Doe\",\"line1\":\"Free Trade Zone\",\"city\":\"Tegucigalpa\",\"state\":\"Tegucigalpa\",\"postal_code\":\"12345\",\"country_code\":\"HN\"},\"phone\":\"5047814325\",\"country_code\":\"HN\"}},\"transactions\":[{\"amount\":{\"total\":\"1.00\",\"currency\":\"USD\",\"details\":{\"subtotal\":\"1.00\",\"shipping\":\"0.00\",\"insurance\":\"0.00\",\"handling_fee\":\"0.00\",\"shipping_discount\":\"0.00\",\"discount\":\"0.00\"}},\"payee\":{\"merchant_id\":\"CAMTBSFL85D3W\",\"email\":\"sb-ohxbs3912281@business.example.com\"},\"description\":\"Sudagrip\",\"note_to_payee\":\"Orden de Compra\",\"item_list\":{\"items\":[{\"name\":\"Sudagrip\",\"sku\":\"NANI\",\"price\":\"1.00\",\"currency\":\"USD\",\"tax\":\"0.00\",\"quantity\":1}],\"shipping_address\":{\"recipient_name\":\"John Doe\",\"line1\":\"Free Trade Zone\",\"city\":\"Tegucigalpa\",\"state\":\"Tegucigalpa\",\"postal_code\":\"12345\",\"country_code\":\"HN\"}},\"related_resources\":[{\"sale\":{\"id\":\"1S79856933270631P\",\"state\":\"completed\",\"amount\":{\"total\":\"1.00\",\"currency\":\"USD\",\"details\":{\"subtotal\":\"1.00\",\"shipping\":\"0.00\",\"insurance\":\"0.00\",\"handling_fee\":\"0.00\",\"shipping_discount\":\"0.00\",\"discount\":\"0.00\"}},\"payment_mode\":\"INSTANT_TRANSFER\",\"protection_eligibility\":\"ELIGIBLE\",\"protection_eligibility_type\":\"ITEM_NOT_RECEIVED_ELIGIBLE,UNAUTHORIZED_PAYMENT_ELIGIBLE\",\"transaction_fee\":{\"value\":\"0.35\",\"currency\":\"USD\"},\"parent_payment\":\"PAYID-L7IGSYI2W630548MT7532331\",\"create_time\":\"2020-12-09T06:06:45Z\",\"update_time\":\"2020-12-09T06:06:45Z\",\"links\":[{\"href\":\"https://api.sandbox.paypal.com/v1/payments/sale/1S79856933270631P\",\"rel\":\"self\",\"method\":\"GET\"},{\"href\":\"https://api.sandbox.paypal.com/v1/payments/sale/1S79856933270631P/refund\",\"rel\":\"refund\",\"method\":\"POST\"},{\"href\":\"https://api.sandbox.paypal.com/v1/payments/payment/PAYID-L7IGSYI2W630548MT7532331\",\"rel\":\"parent_payment\",\"method\":\"GET\"}]}}]}],\"create_time\":\"2020-12-09T06:06:25Z\",\"update_time\":\"2020-12-09T06:06:45Z\",\"links\":[{\"href\":\"https://api.sandbox.paypal.com/v1/payments/payment/PAYID-L7IGSYI2W630548MT7532331\",\"rel\":\"self\",\"method\":\"GET\"}]}'),(6,'PAYPAL','{\"id\":\"PAYID-L7IHBQQ0C35189316836210M\",\"intent\":\"sale\",\"state\":\"approved\",\"cart\":\"6CS72739CV5446206\",\"payer\":{\"payment_method\":\"paypal\",\"status\":\"VERIFIED\",\"payer_info\":{\"email\":\"sb-tlm4h3948077@personal.example.com\",\"first_name\":\"John\",\"last_name\":\"Doe\",\"payer_id\":\"J8E2MEN7M735U\",\"shipping_address\":{\"recipient_name\":\"John Doe\",\"line1\":\"Free Trade Zone\",\"city\":\"Tegucigalpa\",\"state\":\"Tegucigalpa\",\"postal_code\":\"12345\",\"country_code\":\"HN\"},\"phone\":\"5047814325\",\"country_code\":\"HN\"}},\"transactions\":[{\"amount\":{\"total\":\"254.00\",\"currency\":\"USD\",\"details\":{\"subtotal\":\"254.00\",\"shipping\":\"0.00\",\"insurance\":\"0.00\",\"handling_fee\":\"0.00\",\"shipping_discount\":\"0.00\",\"discount\":\"0.00\"}},\"payee\":{\"merchant_id\":\"CAMTBSFL85D3W\",\"email\":\"sb-ohxbs3912281@business.example.com\"},\"description\":\"acetaminofen\",\"note_to_payee\":\"Orden de Compra\",\"item_list\":{\"items\":[{\"name\":\"acetaminofen\",\"sku\":\"aceta1\",\"price\":\"10.00\",\"currency\":\"USD\",\"tax\":\"0.00\",\"quantity\":25},{\"name\":\"Sudagrip\",\"sku\":\"NANI\",\"price\":\"1.00\",\"currency\":\"USD\",\"tax\":\"0.00\",\"quantity\":4}],\"shipping_address\":{\"recipient_name\":\"John Doe\",\"line1\":\"Free Trade Zone\",\"city\":\"Tegucigalpa\",\"state\":\"Tegucigalpa\",\"postal_code\":\"12345\",\"country_code\":\"HN\"}},\"related_resources\":[{\"sale\":{\"id\":\"00L849468D2228434\",\"state\":\"completed\",\"amount\":{\"total\":\"254.00\",\"currency\":\"USD\",\"details\":{\"subtotal\":\"254.00\",\"shipping\":\"0.00\",\"insurance\":\"0.00\",\"handling_fee\":\"0.00\",\"shipping_discount\":\"0.00\",\"discount\":\"0.00\"}},\"payment_mode\":\"INSTANT_TRANSFER\",\"protection_eligibility\":\"ELIGIBLE\",\"protection_eligibility_type\":\"ITEM_NOT_RECEIVED_ELIGIBLE,UNAUTHORIZED_PAYMENT_ELIGIBLE\",\"transaction_fee\":{\"value\":\"12.75\",\"currency\":\"USD\"},\"parent_payment\":\"PAYID-L7IHBQQ0C35189316836210M\",\"create_time\":\"2020-12-09T06:38:12Z\",\"update_time\":\"2020-12-09T06:38:12Z\",\"links\":[{\"href\":\"https://api.sandbox.paypal.com/v1/payments/sale/00L849468D2228434\",\"rel\":\"self\",\"method\":\"GET\"},{\"href\":\"https://api.sandbox.paypal.com/v1/payments/sale/00L849468D2228434/refund\",\"rel\":\"refund\",\"method\":\"POST\"},{\"href\":\"https://api.sandbox.paypal.com/v1/payments/payment/PAYID-L7IHBQQ0C35189316836210M\",\"rel\":\"parent_payment\",\"method\":\"GET\"}]}}]}],\"create_time\":\"2020-12-09T06:37:54Z\",\"update_time\":\"2020-12-09T06:38:12Z\",\"links\":[{\"href\":\"https://api.sandbox.paypal.com/v1/payments/payment/PAYID-L7IHBQQ0C35189316836210M\",\"rel\":\"self\",\"method\":\"GET\"}]}'),(7,'PAYPAL','{\"id\":\"PAYID-L7IHBQQ0C35189316836210M\",\"intent\":\"sale\",\"state\":\"approved\",\"cart\":\"6CS72739CV5446206\",\"payer\":{\"payment_method\":\"paypal\",\"status\":\"VERIFIED\",\"payer_info\":{\"email\":\"sb-tlm4h3948077@personal.example.com\",\"first_name\":\"John\",\"last_name\":\"Doe\",\"payer_id\":\"J8E2MEN7M735U\",\"shipping_address\":{\"recipient_name\":\"John Doe\",\"line1\":\"Free Trade Zone\",\"city\":\"Tegucigalpa\",\"state\":\"Tegucigalpa\",\"postal_code\":\"12345\",\"country_code\":\"HN\"},\"phone\":\"5047814325\",\"country_code\":\"HN\"}},\"transactions\":[{\"amount\":{\"total\":\"254.00\",\"currency\":\"USD\",\"details\":{\"subtotal\":\"254.00\",\"shipping\":\"0.00\",\"insurance\":\"0.00\",\"handling_fee\":\"0.00\",\"shipping_discount\":\"0.00\",\"discount\":\"0.00\"}},\"payee\":{\"merchant_id\":\"CAMTBSFL85D3W\",\"email\":\"sb-ohxbs3912281@business.example.com\"},\"description\":\"acetaminofen\",\"note_to_payee\":\"Orden de Compra\",\"item_list\":{\"items\":[{\"name\":\"acetaminofen\",\"sku\":\"aceta1\",\"price\":\"10.00\",\"currency\":\"USD\",\"tax\":\"0.00\",\"quantity\":25},{\"name\":\"Sudagrip\",\"sku\":\"NANI\",\"price\":\"1.00\",\"currency\":\"USD\",\"tax\":\"0.00\",\"quantity\":4}],\"shipping_address\":{\"recipient_name\":\"John Doe\",\"line1\":\"Free Trade Zone\",\"city\":\"Tegucigalpa\",\"state\":\"Tegucigalpa\",\"postal_code\":\"12345\",\"country_code\":\"HN\"}},\"related_resources\":[{\"sale\":{\"id\":\"00L849468D2228434\",\"state\":\"completed\",\"amount\":{\"total\":\"254.00\",\"currency\":\"USD\",\"details\":{\"subtotal\":\"254.00\",\"shipping\":\"0.00\",\"insurance\":\"0.00\",\"handling_fee\":\"0.00\",\"shipping_discount\":\"0.00\",\"discount\":\"0.00\"}},\"payment_mode\":\"INSTANT_TRANSFER\",\"protection_eligibility\":\"ELIGIBLE\",\"protection_eligibility_type\":\"ITEM_NOT_RECEIVED_ELIGIBLE,UNAUTHORIZED_PAYMENT_ELIGIBLE\",\"transaction_fee\":{\"value\":\"12.75\",\"currency\":\"USD\"},\"parent_payment\":\"PAYID-L7IHBQQ0C35189316836210M\",\"create_time\":\"2020-12-09T06:38:12Z\",\"update_time\":\"2020-12-09T06:38:12Z\",\"links\":[{\"href\":\"https://api.sandbox.paypal.com/v1/payments/sale/00L849468D2228434\",\"rel\":\"self\",\"method\":\"GET\"},{\"href\":\"https://api.sandbox.paypal.com/v1/payments/sale/00L849468D2228434/refund\",\"rel\":\"refund\",\"method\":\"POST\"},{\"href\":\"https://api.sandbox.paypal.com/v1/payments/payment/PAYID-L7IHBQQ0C35189316836210M\",\"rel\":\"parent_payment\",\"method\":\"GET\"}]}}]}],\"create_time\":\"2020-12-09T06:37:54Z\",\"update_time\":\"2020-12-09T06:38:12Z\",\"links\":[{\"href\":\"https://api.sandbox.paypal.com/v1/payments/payment/PAYID-L7IHBQQ0C35189316836210M\",\"rel\":\"self\",\"method\":\"GET\"}]}'),(8,'PAYPAL','{\"id\":\"PAYID-L7IHBQQ0C35189316836210M\",\"intent\":\"sale\",\"state\":\"approved\",\"cart\":\"6CS72739CV5446206\",\"payer\":{\"payment_method\":\"paypal\",\"status\":\"VERIFIED\",\"payer_info\":{\"email\":\"sb-tlm4h3948077@personal.example.com\",\"first_name\":\"John\",\"last_name\":\"Doe\",\"payer_id\":\"J8E2MEN7M735U\",\"shipping_address\":{\"recipient_name\":\"John Doe\",\"line1\":\"Free Trade Zone\",\"city\":\"Tegucigalpa\",\"state\":\"Tegucigalpa\",\"postal_code\":\"12345\",\"country_code\":\"HN\"},\"phone\":\"5047814325\",\"country_code\":\"HN\"}},\"transactions\":[{\"amount\":{\"total\":\"254.00\",\"currency\":\"USD\",\"details\":{\"subtotal\":\"254.00\",\"shipping\":\"0.00\",\"insurance\":\"0.00\",\"handling_fee\":\"0.00\",\"shipping_discount\":\"0.00\",\"discount\":\"0.00\"}},\"payee\":{\"merchant_id\":\"CAMTBSFL85D3W\",\"email\":\"sb-ohxbs3912281@business.example.com\"},\"description\":\"acetaminofen\",\"note_to_payee\":\"Orden de Compra\",\"item_list\":{\"items\":[{\"name\":\"acetaminofen\",\"sku\":\"aceta1\",\"price\":\"10.00\",\"currency\":\"USD\",\"tax\":\"0.00\",\"quantity\":25},{\"name\":\"Sudagrip\",\"sku\":\"NANI\",\"price\":\"1.00\",\"currency\":\"USD\",\"tax\":\"0.00\",\"quantity\":4}],\"shipping_address\":{\"recipient_name\":\"John Doe\",\"line1\":\"Free Trade Zone\",\"city\":\"Tegucigalpa\",\"state\":\"Tegucigalpa\",\"postal_code\":\"12345\",\"country_code\":\"HN\"}},\"related_resources\":[{\"sale\":{\"id\":\"00L849468D2228434\",\"state\":\"completed\",\"amount\":{\"total\":\"254.00\",\"currency\":\"USD\",\"details\":{\"subtotal\":\"254.00\",\"shipping\":\"0.00\",\"insurance\":\"0.00\",\"handling_fee\":\"0.00\",\"shipping_discount\":\"0.00\",\"discount\":\"0.00\"}},\"payment_mode\":\"INSTANT_TRANSFER\",\"protection_eligibility\":\"ELIGIBLE\",\"protection_eligibility_type\":\"ITEM_NOT_RECEIVED_ELIGIBLE,UNAUTHORIZED_PAYMENT_ELIGIBLE\",\"transaction_fee\":{\"value\":\"12.75\",\"currency\":\"USD\"},\"parent_payment\":\"PAYID-L7IHBQQ0C35189316836210M\",\"create_time\":\"2020-12-09T06:38:12Z\",\"update_time\":\"2020-12-09T06:38:12Z\",\"links\":[{\"href\":\"https://api.sandbox.paypal.com/v1/payments/sale/00L849468D2228434\",\"rel\":\"self\",\"method\":\"GET\"},{\"href\":\"https://api.sandbox.paypal.com/v1/payments/sale/00L849468D2228434/refund\",\"rel\":\"refund\",\"method\":\"POST\"},{\"href\":\"https://api.sandbox.paypal.com/v1/payments/payment/PAYID-L7IHBQQ0C35189316836210M\",\"rel\":\"parent_payment\",\"method\":\"GET\"}]}}]}],\"create_time\":\"2020-12-09T06:37:54Z\",\"update_time\":\"2020-12-09T06:38:12Z\",\"links\":[{\"href\":\"https://api.sandbox.paypal.com/v1/payments/payment/PAYID-L7IHBQQ0C35189316836210M\",\"rel\":\"self\",\"method\":\"GET\"}]}'),(9,'PAYPAL','{\"id\":\"PAYID-L7IHBQQ0C35189316836210M\",\"intent\":\"sale\",\"state\":\"approved\",\"cart\":\"6CS72739CV5446206\",\"payer\":{\"payment_method\":\"paypal\",\"status\":\"VERIFIED\",\"payer_info\":{\"email\":\"sb-tlm4h3948077@personal.example.com\",\"first_name\":\"John\",\"last_name\":\"Doe\",\"payer_id\":\"J8E2MEN7M735U\",\"shipping_address\":{\"recipient_name\":\"John Doe\",\"line1\":\"Free Trade Zone\",\"city\":\"Tegucigalpa\",\"state\":\"Tegucigalpa\",\"postal_code\":\"12345\",\"country_code\":\"HN\"},\"phone\":\"5047814325\",\"country_code\":\"HN\"}},\"transactions\":[{\"amount\":{\"total\":\"254.00\",\"currency\":\"USD\",\"details\":{\"subtotal\":\"254.00\",\"shipping\":\"0.00\",\"insurance\":\"0.00\",\"handling_fee\":\"0.00\",\"shipping_discount\":\"0.00\",\"discount\":\"0.00\"}},\"payee\":{\"merchant_id\":\"CAMTBSFL85D3W\",\"email\":\"sb-ohxbs3912281@business.example.com\"},\"description\":\"acetaminofen\",\"note_to_payee\":\"Orden de Compra\",\"item_list\":{\"items\":[{\"name\":\"acetaminofen\",\"sku\":\"aceta1\",\"price\":\"10.00\",\"currency\":\"USD\",\"tax\":\"0.00\",\"quantity\":25},{\"name\":\"Sudagrip\",\"sku\":\"NANI\",\"price\":\"1.00\",\"currency\":\"USD\",\"tax\":\"0.00\",\"quantity\":4}],\"shipping_address\":{\"recipient_name\":\"John Doe\",\"line1\":\"Free Trade Zone\",\"city\":\"Tegucigalpa\",\"state\":\"Tegucigalpa\",\"postal_code\":\"12345\",\"country_code\":\"HN\"}},\"related_resources\":[{\"sale\":{\"id\":\"00L849468D2228434\",\"state\":\"completed\",\"amount\":{\"total\":\"254.00\",\"currency\":\"USD\",\"details\":{\"subtotal\":\"254.00\",\"shipping\":\"0.00\",\"insurance\":\"0.00\",\"handling_fee\":\"0.00\",\"shipping_discount\":\"0.00\",\"discount\":\"0.00\"}},\"payment_mode\":\"INSTANT_TRANSFER\",\"protection_eligibility\":\"ELIGIBLE\",\"protection_eligibility_type\":\"ITEM_NOT_RECEIVED_ELIGIBLE,UNAUTHORIZED_PAYMENT_ELIGIBLE\",\"transaction_fee\":{\"value\":\"12.75\",\"currency\":\"USD\"},\"parent_payment\":\"PAYID-L7IHBQQ0C35189316836210M\",\"create_time\":\"2020-12-09T06:38:12Z\",\"update_time\":\"2020-12-09T06:38:12Z\",\"links\":[{\"href\":\"https://api.sandbox.paypal.com/v1/payments/sale/00L849468D2228434\",\"rel\":\"self\",\"method\":\"GET\"},{\"href\":\"https://api.sandbox.paypal.com/v1/payments/sale/00L849468D2228434/refund\",\"rel\":\"refund\",\"method\":\"POST\"},{\"href\":\"https://api.sandbox.paypal.com/v1/payments/payment/PAYID-L7IHBQQ0C35189316836210M\",\"rel\":\"parent_payment\",\"method\":\"GET\"}]}}]}],\"create_time\":\"2020-12-09T06:37:54Z\",\"update_time\":\"2020-12-09T06:38:12Z\",\"links\":[{\"href\":\"https://api.sandbox.paypal.com/v1/payments/payment/PAYID-L7IHBQQ0C35189316836210M\",\"rel\":\"self\",\"method\":\"GET\"}]}'),(10,'PAYPAL','{\"id\":\"PAYID-L7IIG3A3NV31666AB333245Y\",\"intent\":\"sale\",\"state\":\"approved\",\"cart\":\"46A93574UF622930E\",\"payer\":{\"payment_method\":\"paypal\",\"status\":\"VERIFIED\",\"payer_info\":{\"email\":\"sb-tlm4h3948077@personal.example.com\",\"first_name\":\"John\",\"last_name\":\"Doe\",\"payer_id\":\"J8E2MEN7M735U\",\"shipping_address\":{\"recipient_name\":\"John Doe\",\"line1\":\"Free Trade Zone\",\"city\":\"Tegucigalpa\",\"state\":\"Tegucigalpa\",\"postal_code\":\"12345\",\"country_code\":\"HN\"},\"phone\":\"5047814325\",\"country_code\":\"HN\"}},\"transactions\":[{\"amount\":{\"total\":\"1.00\",\"currency\":\"USD\",\"details\":{\"subtotal\":\"1.00\",\"shipping\":\"0.00\",\"insurance\":\"0.00\",\"handling_fee\":\"0.00\",\"shipping_discount\":\"0.00\",\"discount\":\"0.00\"}},\"payee\":{\"merchant_id\":\"CAMTBSFL85D3W\",\"email\":\"sb-ohxbs3912281@business.example.com\"},\"description\":\"Sudagrip\",\"note_to_payee\":\"Orden de Compra\",\"item_list\":{\"items\":[{\"name\":\"Sudagrip\",\"sku\":\"NANI\",\"price\":\"1.00\",\"currency\":\"USD\",\"tax\":\"0.00\",\"quantity\":1}],\"shipping_address\":{\"recipient_name\":\"John Doe\",\"line1\":\"Free Trade Zone\",\"city\":\"Tegucigalpa\",\"state\":\"Tegucigalpa\",\"postal_code\":\"12345\",\"country_code\":\"HN\"}},\"related_resources\":[{\"sale\":{\"id\":\"27D37430EP1049939\",\"state\":\"completed\",\"amount\":{\"total\":\"1.00\",\"currency\":\"USD\",\"details\":{\"subtotal\":\"1.00\",\"shipping\":\"0.00\",\"insurance\":\"0.00\",\"handling_fee\":\"0.00\",\"shipping_discount\":\"0.00\",\"discount\":\"0.00\"}},\"payment_mode\":\"INSTANT_TRANSFER\",\"protection_eligibility\":\"ELIGIBLE\",\"protection_eligibility_type\":\"ITEM_NOT_RECEIVED_ELIGIBLE,UNAUTHORIZED_PAYMENT_ELIGIBLE\",\"transaction_fee\":{\"value\":\"0.35\",\"currency\":\"USD\"},\"parent_payment\":\"PAYID-L7IIG3A3NV31666AB333245Y\",\"create_time\":\"2020-12-09T07:58:18Z\",\"update_time\":\"2020-12-09T07:58:18Z\",\"links\":[{\"href\":\"https://api.sandbox.paypal.com/v1/payments/sale/27D37430EP1049939\",\"rel\":\"self\",\"method\":\"GET\"},{\"href\":\"https://api.sandbox.paypal.com/v1/payments/sale/27D37430EP1049939/refund\",\"rel\":\"refund\",\"method\":\"POST\"},{\"href\":\"https://api.sandbox.paypal.com/v1/payments/payment/PAYID-L7IIG3A3NV31666AB333245Y\",\"rel\":\"parent_payment\",\"method\":\"GET\"}]}}]}],\"create_time\":\"2020-12-09T07:57:32Z\",\"update_time\":\"2020-12-09T07:58:18Z\",\"links\":[{\"href\":\"https://api.sandbox.paypal.com/v1/payments/payment/PAYID-L7IIG3A3NV31666AB333245Y\",\"rel\":\"self\",\"method\":\"GET\"}]}'),(11,'PAYPAL','{\"id\":\"PAYID-L7IIG3A3NV31666AB333245Y\",\"intent\":\"sale\",\"state\":\"approved\",\"cart\":\"46A93574UF622930E\",\"payer\":{\"payment_method\":\"paypal\",\"status\":\"VERIFIED\",\"payer_info\":{\"email\":\"sb-tlm4h3948077@personal.example.com\",\"first_name\":\"John\",\"last_name\":\"Doe\",\"payer_id\":\"J8E2MEN7M735U\",\"shipping_address\":{\"recipient_name\":\"John Doe\",\"line1\":\"Free Trade Zone\",\"city\":\"Tegucigalpa\",\"state\":\"Tegucigalpa\",\"postal_code\":\"12345\",\"country_code\":\"HN\"},\"phone\":\"5047814325\",\"country_code\":\"HN\"}},\"transactions\":[{\"amount\":{\"total\":\"1.00\",\"currency\":\"USD\",\"details\":{\"subtotal\":\"1.00\",\"shipping\":\"0.00\",\"insurance\":\"0.00\",\"handling_fee\":\"0.00\",\"shipping_discount\":\"0.00\",\"discount\":\"0.00\"}},\"payee\":{\"merchant_id\":\"CAMTBSFL85D3W\",\"email\":\"sb-ohxbs3912281@business.example.com\"},\"description\":\"Sudagrip\",\"note_to_payee\":\"Orden de Compra\",\"item_list\":{\"items\":[{\"name\":\"Sudagrip\",\"sku\":\"NANI\",\"price\":\"1.00\",\"currency\":\"USD\",\"tax\":\"0.00\",\"quantity\":1}],\"shipping_address\":{\"recipient_name\":\"John Doe\",\"line1\":\"Free Trade Zone\",\"city\":\"Tegucigalpa\",\"state\":\"Tegucigalpa\",\"postal_code\":\"12345\",\"country_code\":\"HN\"}},\"related_resources\":[{\"sale\":{\"id\":\"27D37430EP1049939\",\"state\":\"completed\",\"amount\":{\"total\":\"1.00\",\"currency\":\"USD\",\"details\":{\"subtotal\":\"1.00\",\"shipping\":\"0.00\",\"insurance\":\"0.00\",\"handling_fee\":\"0.00\",\"shipping_discount\":\"0.00\",\"discount\":\"0.00\"}},\"payment_mode\":\"INSTANT_TRANSFER\",\"protection_eligibility\":\"ELIGIBLE\",\"protection_eligibility_type\":\"ITEM_NOT_RECEIVED_ELIGIBLE,UNAUTHORIZED_PAYMENT_ELIGIBLE\",\"transaction_fee\":{\"value\":\"0.35\",\"currency\":\"USD\"},\"parent_payment\":\"PAYID-L7IIG3A3NV31666AB333245Y\",\"create_time\":\"2020-12-09T07:58:18Z\",\"update_time\":\"2020-12-09T07:58:18Z\",\"links\":[{\"href\":\"https://api.sandbox.paypal.com/v1/payments/sale/27D37430EP1049939\",\"rel\":\"self\",\"method\":\"GET\"},{\"href\":\"https://api.sandbox.paypal.com/v1/payments/sale/27D37430EP1049939/refund\",\"rel\":\"refund\",\"method\":\"POST\"},{\"href\":\"https://api.sandbox.paypal.com/v1/payments/payment/PAYID-L7IIG3A3NV31666AB333245Y\",\"rel\":\"parent_payment\",\"method\":\"GET\"}]}}]}],\"create_time\":\"2020-12-09T07:57:32Z\",\"update_time\":\"2020-12-09T07:58:18Z\",\"links\":[{\"href\":\"https://api.sandbox.paypal.com/v1/payments/payment/PAYID-L7IIG3A3NV31666AB333245Y\",\"rel\":\"self\",\"method\":\"GET\"}]}'),(12,'PAYPAL','{\"id\":\"PAYID-L7IIG3A3NV31666AB333245Y\",\"intent\":\"sale\",\"state\":\"approved\",\"cart\":\"46A93574UF622930E\",\"payer\":{\"payment_method\":\"paypal\",\"status\":\"VERIFIED\",\"payer_info\":{\"email\":\"sb-tlm4h3948077@personal.example.com\",\"first_name\":\"John\",\"last_name\":\"Doe\",\"payer_id\":\"J8E2MEN7M735U\",\"shipping_address\":{\"recipient_name\":\"John Doe\",\"line1\":\"Free Trade Zone\",\"city\":\"Tegucigalpa\",\"state\":\"Tegucigalpa\",\"postal_code\":\"12345\",\"country_code\":\"HN\"},\"phone\":\"5047814325\",\"country_code\":\"HN\"}},\"transactions\":[{\"amount\":{\"total\":\"1.00\",\"currency\":\"USD\",\"details\":{\"subtotal\":\"1.00\",\"shipping\":\"0.00\",\"insurance\":\"0.00\",\"handling_fee\":\"0.00\",\"shipping_discount\":\"0.00\",\"discount\":\"0.00\"}},\"payee\":{\"merchant_id\":\"CAMTBSFL85D3W\",\"email\":\"sb-ohxbs3912281@business.example.com\"},\"description\":\"Sudagrip\",\"note_to_payee\":\"Orden de Compra\",\"item_list\":{\"items\":[{\"name\":\"Sudagrip\",\"sku\":\"NANI\",\"price\":\"1.00\",\"currency\":\"USD\",\"tax\":\"0.00\",\"quantity\":1}],\"shipping_address\":{\"recipient_name\":\"John Doe\",\"line1\":\"Free Trade Zone\",\"city\":\"Tegucigalpa\",\"state\":\"Tegucigalpa\",\"postal_code\":\"12345\",\"country_code\":\"HN\"}},\"related_resources\":[{\"sale\":{\"id\":\"27D37430EP1049939\",\"state\":\"completed\",\"amount\":{\"total\":\"1.00\",\"currency\":\"USD\",\"details\":{\"subtotal\":\"1.00\",\"shipping\":\"0.00\",\"insurance\":\"0.00\",\"handling_fee\":\"0.00\",\"shipping_discount\":\"0.00\",\"discount\":\"0.00\"}},\"payment_mode\":\"INSTANT_TRANSFER\",\"protection_eligibility\":\"ELIGIBLE\",\"protection_eligibility_type\":\"ITEM_NOT_RECEIVED_ELIGIBLE,UNAUTHORIZED_PAYMENT_ELIGIBLE\",\"transaction_fee\":{\"value\":\"0.35\",\"currency\":\"USD\"},\"parent_payment\":\"PAYID-L7IIG3A3NV31666AB333245Y\",\"create_time\":\"2020-12-09T07:58:18Z\",\"update_time\":\"2020-12-09T07:58:18Z\",\"links\":[{\"href\":\"https://api.sandbox.paypal.com/v1/payments/sale/27D37430EP1049939\",\"rel\":\"self\",\"method\":\"GET\"},{\"href\":\"https://api.sandbox.paypal.com/v1/payments/sale/27D37430EP1049939/refund\",\"rel\":\"refund\",\"method\":\"POST\"},{\"href\":\"https://api.sandbox.paypal.com/v1/payments/payment/PAYID-L7IIG3A3NV31666AB333245Y\",\"rel\":\"parent_payment\",\"method\":\"GET\"}]}}]}],\"create_time\":\"2020-12-09T07:57:32Z\",\"update_time\":\"2020-12-09T07:58:18Z\",\"links\":[{\"href\":\"https://api.sandbox.paypal.com/v1/payments/payment/PAYID-L7IIG3A3NV31666AB333245Y\",\"rel\":\"self\",\"method\":\"GET\"}]}'),(13,'PAYPAL','{\"id\":\"PAYID-L7IIJBY0T909192HY170173H\",\"intent\":\"sale\",\"state\":\"approved\",\"cart\":\"4WG651905J168320B\",\"payer\":{\"payment_method\":\"paypal\",\"status\":\"VERIFIED\",\"payer_info\":{\"email\":\"sb-tlm4h3948077@personal.example.com\",\"first_name\":\"John\",\"last_name\":\"Doe\",\"payer_id\":\"J8E2MEN7M735U\",\"shipping_address\":{\"recipient_name\":\"John Doe\",\"line1\":\"Free Trade Zone\",\"city\":\"Tegucigalpa\",\"state\":\"Tegucigalpa\",\"postal_code\":\"12345\",\"country_code\":\"HN\"},\"phone\":\"5047814325\",\"country_code\":\"HN\"}},\"transactions\":[{\"amount\":{\"total\":\"1.00\",\"currency\":\"USD\",\"details\":{\"subtotal\":\"1.00\",\"shipping\":\"0.00\",\"insurance\":\"0.00\",\"handling_fee\":\"0.00\",\"shipping_discount\":\"0.00\",\"discount\":\"0.00\"}},\"payee\":{\"merchant_id\":\"CAMTBSFL85D3W\",\"email\":\"sb-ohxbs3912281@business.example.com\"},\"description\":\"Sudagrip\",\"note_to_payee\":\"Orden de Compra\",\"item_list\":{\"items\":[{\"name\":\"Sudagrip\",\"sku\":\"NANI\",\"price\":\"1.00\",\"currency\":\"USD\",\"tax\":\"0.00\",\"quantity\":1}],\"shipping_address\":{\"recipient_name\":\"John Doe\",\"line1\":\"Free Trade Zone\",\"city\":\"Tegucigalpa\",\"state\":\"Tegucigalpa\",\"postal_code\":\"12345\",\"country_code\":\"HN\"}},\"related_resources\":[{\"sale\":{\"id\":\"3R116072B7397325K\",\"state\":\"completed\",\"amount\":{\"total\":\"1.00\",\"currency\":\"USD\",\"details\":{\"subtotal\":\"1.00\",\"shipping\":\"0.00\",\"insurance\":\"0.00\",\"handling_fee\":\"0.00\",\"shipping_discount\":\"0.00\",\"discount\":\"0.00\"}},\"payment_mode\":\"INSTANT_TRANSFER\",\"protection_eligibility\":\"ELIGIBLE\",\"protection_eligibility_type\":\"ITEM_NOT_RECEIVED_ELIGIBLE,UNAUTHORIZED_PAYMENT_ELIGIBLE\",\"transaction_fee\":{\"value\":\"0.35\",\"currency\":\"USD\"},\"parent_payment\":\"PAYID-L7IIJBY0T909192HY170173H\",\"create_time\":\"2020-12-09T08:02:29Z\",\"update_time\":\"2020-12-09T08:02:29Z\",\"links\":[{\"href\":\"https://api.sandbox.paypal.com/v1/payments/sale/3R116072B7397325K\",\"rel\":\"self\",\"method\":\"GET\"},{\"href\":\"https://api.sandbox.paypal.com/v1/payments/sale/3R116072B7397325K/refund\",\"rel\":\"refund\",\"method\":\"POST\"},{\"href\":\"https://api.sandbox.paypal.com/v1/payments/payment/PAYID-L7IIJBY0T909192HY170173H\",\"rel\":\"parent_payment\",\"method\":\"GET\"}]}}]}],\"create_time\":\"2020-12-09T08:02:15Z\",\"update_time\":\"2020-12-09T08:02:29Z\",\"links\":[{\"href\":\"https://api.sandbox.paypal.com/v1/payments/payment/PAYID-L7IIJBY0T909192HY170173H\",\"rel\":\"self\",\"method\":\"GET\"}]}'),(14,'PAYPAL','{\"id\":\"PAYID-L7IIJBY0T909192HY170173H\",\"intent\":\"sale\",\"state\":\"approved\",\"cart\":\"4WG651905J168320B\",\"payer\":{\"payment_method\":\"paypal\",\"status\":\"VERIFIED\",\"payer_info\":{\"email\":\"sb-tlm4h3948077@personal.example.com\",\"first_name\":\"John\",\"last_name\":\"Doe\",\"payer_id\":\"J8E2MEN7M735U\",\"shipping_address\":{\"recipient_name\":\"John Doe\",\"line1\":\"Free Trade Zone\",\"city\":\"Tegucigalpa\",\"state\":\"Tegucigalpa\",\"postal_code\":\"12345\",\"country_code\":\"HN\"},\"phone\":\"5047814325\",\"country_code\":\"HN\"}},\"transactions\":[{\"amount\":{\"total\":\"1.00\",\"currency\":\"USD\",\"details\":{\"subtotal\":\"1.00\",\"shipping\":\"0.00\",\"insurance\":\"0.00\",\"handling_fee\":\"0.00\",\"shipping_discount\":\"0.00\",\"discount\":\"0.00\"}},\"payee\":{\"merchant_id\":\"CAMTBSFL85D3W\",\"email\":\"sb-ohxbs3912281@business.example.com\"},\"description\":\"Sudagrip\",\"note_to_payee\":\"Orden de Compra\",\"item_list\":{\"items\":[{\"name\":\"Sudagrip\",\"sku\":\"NANI\",\"price\":\"1.00\",\"currency\":\"USD\",\"tax\":\"0.00\",\"quantity\":1}],\"shipping_address\":{\"recipient_name\":\"John Doe\",\"line1\":\"Free Trade Zone\",\"city\":\"Tegucigalpa\",\"state\":\"Tegucigalpa\",\"postal_code\":\"12345\",\"country_code\":\"HN\"}},\"related_resources\":[{\"sale\":{\"id\":\"3R116072B7397325K\",\"state\":\"completed\",\"amount\":{\"total\":\"1.00\",\"currency\":\"USD\",\"details\":{\"subtotal\":\"1.00\",\"shipping\":\"0.00\",\"insurance\":\"0.00\",\"handling_fee\":\"0.00\",\"shipping_discount\":\"0.00\",\"discount\":\"0.00\"}},\"payment_mode\":\"INSTANT_TRANSFER\",\"protection_eligibility\":\"ELIGIBLE\",\"protection_eligibility_type\":\"ITEM_NOT_RECEIVED_ELIGIBLE,UNAUTHORIZED_PAYMENT_ELIGIBLE\",\"transaction_fee\":{\"value\":\"0.35\",\"currency\":\"USD\"},\"parent_payment\":\"PAYID-L7IIJBY0T909192HY170173H\",\"create_time\":\"2020-12-09T08:02:29Z\",\"update_time\":\"2020-12-09T08:02:29Z\",\"links\":[{\"href\":\"https://api.sandbox.paypal.com/v1/payments/sale/3R116072B7397325K\",\"rel\":\"self\",\"method\":\"GET\"},{\"href\":\"https://api.sandbox.paypal.com/v1/payments/sale/3R116072B7397325K/refund\",\"rel\":\"refund\",\"method\":\"POST\"},{\"href\":\"https://api.sandbox.paypal.com/v1/payments/payment/PAYID-L7IIJBY0T909192HY170173H\",\"rel\":\"parent_payment\",\"method\":\"GET\"}]}}]}],\"create_time\":\"2020-12-09T08:02:15Z\",\"update_time\":\"2020-12-09T08:02:29Z\",\"links\":[{\"href\":\"https://api.sandbox.paypal.com/v1/payments/payment/PAYID-L7IIJBY0T909192HY170173H\",\"rel\":\"self\",\"method\":\"GET\"}]}'),(15,'PAYPAL','{\"id\":\"PAYID-L7IIJBY0T909192HY170173H\",\"intent\":\"sale\",\"state\":\"approved\",\"cart\":\"4WG651905J168320B\",\"payer\":{\"payment_method\":\"paypal\",\"status\":\"VERIFIED\",\"payer_info\":{\"email\":\"sb-tlm4h3948077@personal.example.com\",\"first_name\":\"John\",\"last_name\":\"Doe\",\"payer_id\":\"J8E2MEN7M735U\",\"shipping_address\":{\"recipient_name\":\"John Doe\",\"line1\":\"Free Trade Zone\",\"city\":\"Tegucigalpa\",\"state\":\"Tegucigalpa\",\"postal_code\":\"12345\",\"country_code\":\"HN\"},\"phone\":\"5047814325\",\"country_code\":\"HN\"}},\"transactions\":[{\"amount\":{\"total\":\"1.00\",\"currency\":\"USD\",\"details\":{\"subtotal\":\"1.00\",\"shipping\":\"0.00\",\"insurance\":\"0.00\",\"handling_fee\":\"0.00\",\"shipping_discount\":\"0.00\",\"discount\":\"0.00\"}},\"payee\":{\"merchant_id\":\"CAMTBSFL85D3W\",\"email\":\"sb-ohxbs3912281@business.example.com\"},\"description\":\"Sudagrip\",\"note_to_payee\":\"Orden de Compra\",\"item_list\":{\"items\":[{\"name\":\"Sudagrip\",\"sku\":\"NANI\",\"price\":\"1.00\",\"currency\":\"USD\",\"tax\":\"0.00\",\"quantity\":1}],\"shipping_address\":{\"recipient_name\":\"John Doe\",\"line1\":\"Free Trade Zone\",\"city\":\"Tegucigalpa\",\"state\":\"Tegucigalpa\",\"postal_code\":\"12345\",\"country_code\":\"HN\"}},\"related_resources\":[{\"sale\":{\"id\":\"3R116072B7397325K\",\"state\":\"completed\",\"amount\":{\"total\":\"1.00\",\"currency\":\"USD\",\"details\":{\"subtotal\":\"1.00\",\"shipping\":\"0.00\",\"insurance\":\"0.00\",\"handling_fee\":\"0.00\",\"shipping_discount\":\"0.00\",\"discount\":\"0.00\"}},\"payment_mode\":\"INSTANT_TRANSFER\",\"protection_eligibility\":\"ELIGIBLE\",\"protection_eligibility_type\":\"ITEM_NOT_RECEIVED_ELIGIBLE,UNAUTHORIZED_PAYMENT_ELIGIBLE\",\"transaction_fee\":{\"value\":\"0.35\",\"currency\":\"USD\"},\"parent_payment\":\"PAYID-L7IIJBY0T909192HY170173H\",\"create_time\":\"2020-12-09T08:02:29Z\",\"update_time\":\"2020-12-09T08:02:29Z\",\"links\":[{\"href\":\"https://api.sandbox.paypal.com/v1/payments/sale/3R116072B7397325K\",\"rel\":\"self\",\"method\":\"GET\"},{\"href\":\"https://api.sandbox.paypal.com/v1/payments/sale/3R116072B7397325K/refund\",\"rel\":\"refund\",\"method\":\"POST\"},{\"href\":\"https://api.sandbox.paypal.com/v1/payments/payment/PAYID-L7IIJBY0T909192HY170173H\",\"rel\":\"parent_payment\",\"method\":\"GET\"}]}}]}],\"create_time\":\"2020-12-09T08:02:15Z\",\"update_time\":\"2020-12-09T08:02:29Z\",\"links\":[{\"href\":\"https://api.sandbox.paypal.com/v1/payments/payment/PAYID-L7IIJBY0T909192HY170173H\",\"rel\":\"self\",\"method\":\"GET\"}]}'),(16,'PAYPAL','{\"id\":\"PAYID-L7IIJBY0T909192HY170173H\",\"intent\":\"sale\",\"state\":\"approved\",\"cart\":\"4WG651905J168320B\",\"payer\":{\"payment_method\":\"paypal\",\"status\":\"VERIFIED\",\"payer_info\":{\"email\":\"sb-tlm4h3948077@personal.example.com\",\"first_name\":\"John\",\"last_name\":\"Doe\",\"payer_id\":\"J8E2MEN7M735U\",\"shipping_address\":{\"recipient_name\":\"John Doe\",\"line1\":\"Free Trade Zone\",\"city\":\"Tegucigalpa\",\"state\":\"Tegucigalpa\",\"postal_code\":\"12345\",\"country_code\":\"HN\"},\"phone\":\"5047814325\",\"country_code\":\"HN\"}},\"transactions\":[{\"amount\":{\"total\":\"1.00\",\"currency\":\"USD\",\"details\":{\"subtotal\":\"1.00\",\"shipping\":\"0.00\",\"insurance\":\"0.00\",\"handling_fee\":\"0.00\",\"shipping_discount\":\"0.00\",\"discount\":\"0.00\"}},\"payee\":{\"merchant_id\":\"CAMTBSFL85D3W\",\"email\":\"sb-ohxbs3912281@business.example.com\"},\"description\":\"Sudagrip\",\"note_to_payee\":\"Orden de Compra\",\"item_list\":{\"items\":[{\"name\":\"Sudagrip\",\"sku\":\"NANI\",\"price\":\"1.00\",\"currency\":\"USD\",\"tax\":\"0.00\",\"quantity\":1}],\"shipping_address\":{\"recipient_name\":\"John Doe\",\"line1\":\"Free Trade Zone\",\"city\":\"Tegucigalpa\",\"state\":\"Tegucigalpa\",\"postal_code\":\"12345\",\"country_code\":\"HN\"}},\"related_resources\":[{\"sale\":{\"id\":\"3R116072B7397325K\",\"state\":\"completed\",\"amount\":{\"total\":\"1.00\",\"currency\":\"USD\",\"details\":{\"subtotal\":\"1.00\",\"shipping\":\"0.00\",\"insurance\":\"0.00\",\"handling_fee\":\"0.00\",\"shipping_discount\":\"0.00\",\"discount\":\"0.00\"}},\"payment_mode\":\"INSTANT_TRANSFER\",\"protection_eligibility\":\"ELIGIBLE\",\"protection_eligibility_type\":\"ITEM_NOT_RECEIVED_ELIGIBLE,UNAUTHORIZED_PAYMENT_ELIGIBLE\",\"transaction_fee\":{\"value\":\"0.35\",\"currency\":\"USD\"},\"parent_payment\":\"PAYID-L7IIJBY0T909192HY170173H\",\"create_time\":\"2020-12-09T08:02:29Z\",\"update_time\":\"2020-12-09T08:02:29Z\",\"links\":[{\"href\":\"https://api.sandbox.paypal.com/v1/payments/sale/3R116072B7397325K\",\"rel\":\"self\",\"method\":\"GET\"},{\"href\":\"https://api.sandbox.paypal.com/v1/payments/sale/3R116072B7397325K/refund\",\"rel\":\"refund\",\"method\":\"POST\"},{\"href\":\"https://api.sandbox.paypal.com/v1/payments/payment/PAYID-L7IIJBY0T909192HY170173H\",\"rel\":\"parent_payment\",\"method\":\"GET\"}]}}]}],\"create_time\":\"2020-12-09T08:02:15Z\",\"update_time\":\"2020-12-09T08:02:29Z\",\"links\":[{\"href\":\"https://api.sandbox.paypal.com/v1/payments/payment/PAYID-L7IIJBY0T909192HY170173H\",\"rel\":\"self\",\"method\":\"GET\"}]}'),(17,'PAYPAL','{\"id\":\"PAYID-L7IHBQQ0C35189316836210M\",\"intent\":\"sale\",\"state\":\"approved\",\"cart\":\"6CS72739CV5446206\",\"payer\":{\"payment_method\":\"paypal\",\"status\":\"VERIFIED\",\"payer_info\":{\"email\":\"sb-tlm4h3948077@personal.example.com\",\"first_name\":\"John\",\"last_name\":\"Doe\",\"payer_id\":\"J8E2MEN7M735U\",\"shipping_address\":{\"recipient_name\":\"John Doe\",\"line1\":\"Free Trade Zone\",\"city\":\"Tegucigalpa\",\"state\":\"Tegucigalpa\",\"postal_code\":\"12345\",\"country_code\":\"HN\"},\"phone\":\"5047814325\",\"country_code\":\"HN\"}},\"transactions\":[{\"amount\":{\"total\":\"254.00\",\"currency\":\"USD\",\"details\":{\"subtotal\":\"254.00\",\"shipping\":\"0.00\",\"insurance\":\"0.00\",\"handling_fee\":\"0.00\",\"shipping_discount\":\"0.00\",\"discount\":\"0.00\"}},\"payee\":{\"merchant_id\":\"CAMTBSFL85D3W\",\"email\":\"sb-ohxbs3912281@business.example.com\"},\"description\":\"acetaminofen\",\"note_to_payee\":\"Orden de Compra\",\"item_list\":{\"items\":[{\"name\":\"acetaminofen\",\"sku\":\"aceta1\",\"price\":\"10.00\",\"currency\":\"USD\",\"tax\":\"0.00\",\"quantity\":25},{\"name\":\"Sudagrip\",\"sku\":\"NANI\",\"price\":\"1.00\",\"currency\":\"USD\",\"tax\":\"0.00\",\"quantity\":4}],\"shipping_address\":{\"recipient_name\":\"John Doe\",\"line1\":\"Free Trade Zone\",\"city\":\"Tegucigalpa\",\"state\":\"Tegucigalpa\",\"postal_code\":\"12345\",\"country_code\":\"HN\"}},\"related_resources\":[{\"sale\":{\"id\":\"00L849468D2228434\",\"state\":\"completed\",\"amount\":{\"total\":\"254.00\",\"currency\":\"USD\",\"details\":{\"subtotal\":\"254.00\",\"shipping\":\"0.00\",\"insurance\":\"0.00\",\"handling_fee\":\"0.00\",\"shipping_discount\":\"0.00\",\"discount\":\"0.00\"}},\"payment_mode\":\"INSTANT_TRANSFER\",\"protection_eligibility\":\"ELIGIBLE\",\"protection_eligibility_type\":\"ITEM_NOT_RECEIVED_ELIGIBLE,UNAUTHORIZED_PAYMENT_ELIGIBLE\",\"transaction_fee\":{\"value\":\"12.75\",\"currency\":\"USD\"},\"parent_payment\":\"PAYID-L7IHBQQ0C35189316836210M\",\"create_time\":\"2020-12-09T06:38:12Z\",\"update_time\":\"2020-12-09T06:38:12Z\",\"links\":[{\"href\":\"https://api.sandbox.paypal.com/v1/payments/sale/00L849468D2228434\",\"rel\":\"self\",\"method\":\"GET\"},{\"href\":\"https://api.sandbox.paypal.com/v1/payments/sale/00L849468D2228434/refund\",\"rel\":\"refund\",\"method\":\"POST\"},{\"href\":\"https://api.sandbox.paypal.com/v1/payments/payment/PAYID-L7IHBQQ0C35189316836210M\",\"rel\":\"parent_payment\",\"method\":\"GET\"}]}}]}],\"create_time\":\"2020-12-09T06:37:54Z\",\"update_time\":\"2020-12-09T06:38:12Z\",\"links\":[{\"href\":\"https://api.sandbox.paypal.com/v1/payments/payment/PAYID-L7IHBQQ0C35189316836210M\",\"rel\":\"self\",\"method\":\"GET\"}]}'),(18,'PAYPAL','{\"id\":\"PAYID-L7IHBQQ0C35189316836210M\",\"intent\":\"sale\",\"state\":\"approved\",\"cart\":\"6CS72739CV5446206\",\"payer\":{\"payment_method\":\"paypal\",\"status\":\"VERIFIED\",\"payer_info\":{\"email\":\"sb-tlm4h3948077@personal.example.com\",\"first_name\":\"John\",\"last_name\":\"Doe\",\"payer_id\":\"J8E2MEN7M735U\",\"shipping_address\":{\"recipient_name\":\"John Doe\",\"line1\":\"Free Trade Zone\",\"city\":\"Tegucigalpa\",\"state\":\"Tegucigalpa\",\"postal_code\":\"12345\",\"country_code\":\"HN\"},\"phone\":\"5047814325\",\"country_code\":\"HN\"}},\"transactions\":[{\"amount\":{\"total\":\"254.00\",\"currency\":\"USD\",\"details\":{\"subtotal\":\"254.00\",\"shipping\":\"0.00\",\"insurance\":\"0.00\",\"handling_fee\":\"0.00\",\"shipping_discount\":\"0.00\",\"discount\":\"0.00\"}},\"payee\":{\"merchant_id\":\"CAMTBSFL85D3W\",\"email\":\"sb-ohxbs3912281@business.example.com\"},\"description\":\"acetaminofen\",\"note_to_payee\":\"Orden de Compra\",\"item_list\":{\"items\":[{\"name\":\"acetaminofen\",\"sku\":\"aceta1\",\"price\":\"10.00\",\"currency\":\"USD\",\"tax\":\"0.00\",\"quantity\":25},{\"name\":\"Sudagrip\",\"sku\":\"NANI\",\"price\":\"1.00\",\"currency\":\"USD\",\"tax\":\"0.00\",\"quantity\":4}],\"shipping_address\":{\"recipient_name\":\"John Doe\",\"line1\":\"Free Trade Zone\",\"city\":\"Tegucigalpa\",\"state\":\"Tegucigalpa\",\"postal_code\":\"12345\",\"country_code\":\"HN\"}},\"related_resources\":[{\"sale\":{\"id\":\"00L849468D2228434\",\"state\":\"completed\",\"amount\":{\"total\":\"254.00\",\"currency\":\"USD\",\"details\":{\"subtotal\":\"254.00\",\"shipping\":\"0.00\",\"insurance\":\"0.00\",\"handling_fee\":\"0.00\",\"shipping_discount\":\"0.00\",\"discount\":\"0.00\"}},\"payment_mode\":\"INSTANT_TRANSFER\",\"protection_eligibility\":\"ELIGIBLE\",\"protection_eligibility_type\":\"ITEM_NOT_RECEIVED_ELIGIBLE,UNAUTHORIZED_PAYMENT_ELIGIBLE\",\"transaction_fee\":{\"value\":\"12.75\",\"currency\":\"USD\"},\"parent_payment\":\"PAYID-L7IHBQQ0C35189316836210M\",\"create_time\":\"2020-12-09T06:38:12Z\",\"update_time\":\"2020-12-09T06:38:12Z\",\"links\":[{\"href\":\"https://api.sandbox.paypal.com/v1/payments/sale/00L849468D2228434\",\"rel\":\"self\",\"method\":\"GET\"},{\"href\":\"https://api.sandbox.paypal.com/v1/payments/sale/00L849468D2228434/refund\",\"rel\":\"refund\",\"method\":\"POST\"},{\"href\":\"https://api.sandbox.paypal.com/v1/payments/payment/PAYID-L7IHBQQ0C35189316836210M\",\"rel\":\"parent_payment\",\"method\":\"GET\"}]}}]}],\"create_time\":\"2020-12-09T06:37:54Z\",\"update_time\":\"2020-12-09T06:38:12Z\",\"links\":[{\"href\":\"https://api.sandbox.paypal.com/v1/payments/payment/PAYID-L7IHBQQ0C35189316836210M\",\"rel\":\"self\",\"method\":\"GET\"}]}'),(19,'PAYPAL','{\"id\":\"PAYID-L7IIJBY0T909192HY170173H\",\"intent\":\"sale\",\"state\":\"approved\",\"cart\":\"4WG651905J168320B\",\"payer\":{\"payment_method\":\"paypal\",\"status\":\"VERIFIED\",\"payer_info\":{\"email\":\"sb-tlm4h3948077@personal.example.com\",\"first_name\":\"John\",\"last_name\":\"Doe\",\"payer_id\":\"J8E2MEN7M735U\",\"shipping_address\":{\"recipient_name\":\"John Doe\",\"line1\":\"Free Trade Zone\",\"city\":\"Tegucigalpa\",\"state\":\"Tegucigalpa\",\"postal_code\":\"12345\",\"country_code\":\"HN\"},\"phone\":\"5047814325\",\"country_code\":\"HN\"}},\"transactions\":[{\"amount\":{\"total\":\"1.00\",\"currency\":\"USD\",\"details\":{\"subtotal\":\"1.00\",\"shipping\":\"0.00\",\"insurance\":\"0.00\",\"handling_fee\":\"0.00\",\"shipping_discount\":\"0.00\",\"discount\":\"0.00\"}},\"payee\":{\"merchant_id\":\"CAMTBSFL85D3W\",\"email\":\"sb-ohxbs3912281@business.example.com\"},\"description\":\"Sudagrip\",\"note_to_payee\":\"Orden de Compra\",\"item_list\":{\"items\":[{\"name\":\"Sudagrip\",\"sku\":\"NANI\",\"price\":\"1.00\",\"currency\":\"USD\",\"tax\":\"0.00\",\"quantity\":1}],\"shipping_address\":{\"recipient_name\":\"John Doe\",\"line1\":\"Free Trade Zone\",\"city\":\"Tegucigalpa\",\"state\":\"Tegucigalpa\",\"postal_code\":\"12345\",\"country_code\":\"HN\"}},\"related_resources\":[{\"sale\":{\"id\":\"3R116072B7397325K\",\"state\":\"completed\",\"amount\":{\"total\":\"1.00\",\"currency\":\"USD\",\"details\":{\"subtotal\":\"1.00\",\"shipping\":\"0.00\",\"insurance\":\"0.00\",\"handling_fee\":\"0.00\",\"shipping_discount\":\"0.00\",\"discount\":\"0.00\"}},\"payment_mode\":\"INSTANT_TRANSFER\",\"protection_eligibility\":\"ELIGIBLE\",\"protection_eligibility_type\":\"ITEM_NOT_RECEIVED_ELIGIBLE,UNAUTHORIZED_PAYMENT_ELIGIBLE\",\"transaction_fee\":{\"value\":\"0.35\",\"currency\":\"USD\"},\"parent_payment\":\"PAYID-L7IIJBY0T909192HY170173H\",\"create_time\":\"2020-12-09T08:02:29Z\",\"update_time\":\"2020-12-09T08:02:29Z\",\"links\":[{\"href\":\"https://api.sandbox.paypal.com/v1/payments/sale/3R116072B7397325K\",\"rel\":\"self\",\"method\":\"GET\"},{\"href\":\"https://api.sandbox.paypal.com/v1/payments/sale/3R116072B7397325K/refund\",\"rel\":\"refund\",\"method\":\"POST\"},{\"href\":\"https://api.sandbox.paypal.com/v1/payments/payment/PAYID-L7IIJBY0T909192HY170173H\",\"rel\":\"parent_payment\",\"method\":\"GET\"}]}}]}],\"create_time\":\"2020-12-09T08:02:15Z\",\"update_time\":\"2020-12-09T08:02:29Z\",\"links\":[{\"href\":\"https://api.sandbox.paypal.com/v1/payments/payment/PAYID-L7IIJBY0T909192HY170173H\",\"rel\":\"self\",\"method\":\"GET\"}]}'),(20,'PAYPAL','{\"id\":\"PAYID-L7IHBQQ0C35189316836210M\",\"intent\":\"sale\",\"state\":\"approved\",\"cart\":\"6CS72739CV5446206\",\"payer\":{\"payment_method\":\"paypal\",\"status\":\"VERIFIED\",\"payer_info\":{\"email\":\"sb-tlm4h3948077@personal.example.com\",\"first_name\":\"John\",\"last_name\":\"Doe\",\"payer_id\":\"J8E2MEN7M735U\",\"shipping_address\":{\"recipient_name\":\"John Doe\",\"line1\":\"Free Trade Zone\",\"city\":\"Tegucigalpa\",\"state\":\"Tegucigalpa\",\"postal_code\":\"12345\",\"country_code\":\"HN\"},\"phone\":\"5047814325\",\"country_code\":\"HN\"}},\"transactions\":[{\"amount\":{\"total\":\"254.00\",\"currency\":\"USD\",\"details\":{\"subtotal\":\"254.00\",\"shipping\":\"0.00\",\"insurance\":\"0.00\",\"handling_fee\":\"0.00\",\"shipping_discount\":\"0.00\",\"discount\":\"0.00\"}},\"payee\":{\"merchant_id\":\"CAMTBSFL85D3W\",\"email\":\"sb-ohxbs3912281@business.example.com\"},\"description\":\"acetaminofen\",\"note_to_payee\":\"Orden de Compra\",\"item_list\":{\"items\":[{\"name\":\"acetaminofen\",\"sku\":\"aceta1\",\"price\":\"10.00\",\"currency\":\"USD\",\"tax\":\"0.00\",\"quantity\":25},{\"name\":\"Sudagrip\",\"sku\":\"NANI\",\"price\":\"1.00\",\"currency\":\"USD\",\"tax\":\"0.00\",\"quantity\":4}],\"shipping_address\":{\"recipient_name\":\"John Doe\",\"line1\":\"Free Trade Zone\",\"city\":\"Tegucigalpa\",\"state\":\"Tegucigalpa\",\"postal_code\":\"12345\",\"country_code\":\"HN\"}},\"related_resources\":[{\"sale\":{\"id\":\"00L849468D2228434\",\"state\":\"completed\",\"amount\":{\"total\":\"254.00\",\"currency\":\"USD\",\"details\":{\"subtotal\":\"254.00\",\"shipping\":\"0.00\",\"insurance\":\"0.00\",\"handling_fee\":\"0.00\",\"shipping_discount\":\"0.00\",\"discount\":\"0.00\"}},\"payment_mode\":\"INSTANT_TRANSFER\",\"protection_eligibility\":\"ELIGIBLE\",\"protection_eligibility_type\":\"ITEM_NOT_RECEIVED_ELIGIBLE,UNAUTHORIZED_PAYMENT_ELIGIBLE\",\"transaction_fee\":{\"value\":\"12.75\",\"currency\":\"USD\"},\"parent_payment\":\"PAYID-L7IHBQQ0C35189316836210M\",\"create_time\":\"2020-12-09T06:38:12Z\",\"update_time\":\"2020-12-09T06:38:12Z\",\"links\":[{\"href\":\"https://api.sandbox.paypal.com/v1/payments/sale/00L849468D2228434\",\"rel\":\"self\",\"method\":\"GET\"},{\"href\":\"https://api.sandbox.paypal.com/v1/payments/sale/00L849468D2228434/refund\",\"rel\":\"refund\",\"method\":\"POST\"},{\"href\":\"https://api.sandbox.paypal.com/v1/payments/payment/PAYID-L7IHBQQ0C35189316836210M\",\"rel\":\"parent_payment\",\"method\":\"GET\"}]}}]}],\"create_time\":\"2020-12-09T06:37:54Z\",\"update_time\":\"2020-12-09T06:38:12Z\",\"links\":[{\"href\":\"https://api.sandbox.paypal.com/v1/payments/payment/PAYID-L7IHBQQ0C35189316836210M\",\"rel\":\"self\",\"method\":\"GET\"}]}'),(21,'PAYPAL','{\"id\":\"PAYID-L7IHBQQ0C35189316836210M\",\"intent\":\"sale\",\"state\":\"approved\",\"cart\":\"6CS72739CV5446206\",\"payer\":{\"payment_method\":\"paypal\",\"status\":\"VERIFIED\",\"payer_info\":{\"email\":\"sb-tlm4h3948077@personal.example.com\",\"first_name\":\"John\",\"last_name\":\"Doe\",\"payer_id\":\"J8E2MEN7M735U\",\"shipping_address\":{\"recipient_name\":\"John Doe\",\"line1\":\"Free Trade Zone\",\"city\":\"Tegucigalpa\",\"state\":\"Tegucigalpa\",\"postal_code\":\"12345\",\"country_code\":\"HN\"},\"phone\":\"5047814325\",\"country_code\":\"HN\"}},\"transactions\":[{\"amount\":{\"total\":\"254.00\",\"currency\":\"USD\",\"details\":{\"subtotal\":\"254.00\",\"shipping\":\"0.00\",\"insurance\":\"0.00\",\"handling_fee\":\"0.00\",\"shipping_discount\":\"0.00\",\"discount\":\"0.00\"}},\"payee\":{\"merchant_id\":\"CAMTBSFL85D3W\",\"email\":\"sb-ohxbs3912281@business.example.com\"},\"description\":\"acetaminofen\",\"note_to_payee\":\"Orden de Compra\",\"item_list\":{\"items\":[{\"name\":\"acetaminofen\",\"sku\":\"aceta1\",\"price\":\"10.00\",\"currency\":\"USD\",\"tax\":\"0.00\",\"quantity\":25},{\"name\":\"Sudagrip\",\"sku\":\"NANI\",\"price\":\"1.00\",\"currency\":\"USD\",\"tax\":\"0.00\",\"quantity\":4}],\"shipping_address\":{\"recipient_name\":\"John Doe\",\"line1\":\"Free Trade Zone\",\"city\":\"Tegucigalpa\",\"state\":\"Tegucigalpa\",\"postal_code\":\"12345\",\"country_code\":\"HN\"}},\"related_resources\":[{\"sale\":{\"id\":\"00L849468D2228434\",\"state\":\"completed\",\"amount\":{\"total\":\"254.00\",\"currency\":\"USD\",\"details\":{\"subtotal\":\"254.00\",\"shipping\":\"0.00\",\"insurance\":\"0.00\",\"handling_fee\":\"0.00\",\"shipping_discount\":\"0.00\",\"discount\":\"0.00\"}},\"payment_mode\":\"INSTANT_TRANSFER\",\"protection_eligibility\":\"ELIGIBLE\",\"protection_eligibility_type\":\"ITEM_NOT_RECEIVED_ELIGIBLE,UNAUTHORIZED_PAYMENT_ELIGIBLE\",\"transaction_fee\":{\"value\":\"12.75\",\"currency\":\"USD\"},\"parent_payment\":\"PAYID-L7IHBQQ0C35189316836210M\",\"create_time\":\"2020-12-09T06:38:12Z\",\"update_time\":\"2020-12-09T06:38:12Z\",\"links\":[{\"href\":\"https://api.sandbox.paypal.com/v1/payments/sale/00L849468D2228434\",\"rel\":\"self\",\"method\":\"GET\"},{\"href\":\"https://api.sandbox.paypal.com/v1/payments/sale/00L849468D2228434/refund\",\"rel\":\"refund\",\"method\":\"POST\"},{\"href\":\"https://api.sandbox.paypal.com/v1/payments/payment/PAYID-L7IHBQQ0C35189316836210M\",\"rel\":\"parent_payment\",\"method\":\"GET\"}]}}]}],\"create_time\":\"2020-12-09T06:37:54Z\",\"update_time\":\"2020-12-09T06:38:12Z\",\"links\":[{\"href\":\"https://api.sandbox.paypal.com/v1/payments/payment/PAYID-L7IHBQQ0C35189316836210M\",\"rel\":\"self\",\"method\":\"GET\"}]}'),(22,'PAYPAL','{\"id\":\"PAYID-L7IHBQQ0C35189316836210M\",\"intent\":\"sale\",\"state\":\"approved\",\"cart\":\"6CS72739CV5446206\",\"payer\":{\"payment_method\":\"paypal\",\"status\":\"VERIFIED\",\"payer_info\":{\"email\":\"sb-tlm4h3948077@personal.example.com\",\"first_name\":\"John\",\"last_name\":\"Doe\",\"payer_id\":\"J8E2MEN7M735U\",\"shipping_address\":{\"recipient_name\":\"John Doe\",\"line1\":\"Free Trade Zone\",\"city\":\"Tegucigalpa\",\"state\":\"Tegucigalpa\",\"postal_code\":\"12345\",\"country_code\":\"HN\"},\"phone\":\"5047814325\",\"country_code\":\"HN\"}},\"transactions\":[{\"amount\":{\"total\":\"254.00\",\"currency\":\"USD\",\"details\":{\"subtotal\":\"254.00\",\"shipping\":\"0.00\",\"insurance\":\"0.00\",\"handling_fee\":\"0.00\",\"shipping_discount\":\"0.00\",\"discount\":\"0.00\"}},\"payee\":{\"merchant_id\":\"CAMTBSFL85D3W\",\"email\":\"sb-ohxbs3912281@business.example.com\"},\"description\":\"acetaminofen\",\"note_to_payee\":\"Orden de Compra\",\"item_list\":{\"items\":[{\"name\":\"acetaminofen\",\"sku\":\"aceta1\",\"price\":\"10.00\",\"currency\":\"USD\",\"tax\":\"0.00\",\"quantity\":25},{\"name\":\"Sudagrip\",\"sku\":\"NANI\",\"price\":\"1.00\",\"currency\":\"USD\",\"tax\":\"0.00\",\"quantity\":4}],\"shipping_address\":{\"recipient_name\":\"John Doe\",\"line1\":\"Free Trade Zone\",\"city\":\"Tegucigalpa\",\"state\":\"Tegucigalpa\",\"postal_code\":\"12345\",\"country_code\":\"HN\"}},\"related_resources\":[{\"sale\":{\"id\":\"00L849468D2228434\",\"state\":\"completed\",\"amount\":{\"total\":\"254.00\",\"currency\":\"USD\",\"details\":{\"subtotal\":\"254.00\",\"shipping\":\"0.00\",\"insurance\":\"0.00\",\"handling_fee\":\"0.00\",\"shipping_discount\":\"0.00\",\"discount\":\"0.00\"}},\"payment_mode\":\"INSTANT_TRANSFER\",\"protection_eligibility\":\"ELIGIBLE\",\"protection_eligibility_type\":\"ITEM_NOT_RECEIVED_ELIGIBLE,UNAUTHORIZED_PAYMENT_ELIGIBLE\",\"transaction_fee\":{\"value\":\"12.75\",\"currency\":\"USD\"},\"parent_payment\":\"PAYID-L7IHBQQ0C35189316836210M\",\"create_time\":\"2020-12-09T06:38:12Z\",\"update_time\":\"2020-12-09T06:38:12Z\",\"links\":[{\"href\":\"https://api.sandbox.paypal.com/v1/payments/sale/00L849468D2228434\",\"rel\":\"self\",\"method\":\"GET\"},{\"href\":\"https://api.sandbox.paypal.com/v1/payments/sale/00L849468D2228434/refund\",\"rel\":\"refund\",\"method\":\"POST\"},{\"href\":\"https://api.sandbox.paypal.com/v1/payments/payment/PAYID-L7IHBQQ0C35189316836210M\",\"rel\":\"parent_payment\",\"method\":\"GET\"}]}}]}],\"create_time\":\"2020-12-09T06:37:54Z\",\"update_time\":\"2020-12-09T06:38:12Z\",\"links\":[{\"href\":\"https://api.sandbox.paypal.com/v1/payments/payment/PAYID-L7IHBQQ0C35189316836210M\",\"rel\":\"self\",\"method\":\"GET\"}]}'),(23,'PAYPAL','{\"id\":\"PAYID-L7IHBQQ0C35189316836210M\",\"intent\":\"sale\",\"state\":\"approved\",\"cart\":\"6CS72739CV5446206\",\"payer\":{\"payment_method\":\"paypal\",\"status\":\"VERIFIED\",\"payer_info\":{\"email\":\"sb-tlm4h3948077@personal.example.com\",\"first_name\":\"John\",\"last_name\":\"Doe\",\"payer_id\":\"J8E2MEN7M735U\",\"shipping_address\":{\"recipient_name\":\"John Doe\",\"line1\":\"Free Trade Zone\",\"city\":\"Tegucigalpa\",\"state\":\"Tegucigalpa\",\"postal_code\":\"12345\",\"country_code\":\"HN\"},\"phone\":\"5047814325\",\"country_code\":\"HN\"}},\"transactions\":[{\"amount\":{\"total\":\"254.00\",\"currency\":\"USD\",\"details\":{\"subtotal\":\"254.00\",\"shipping\":\"0.00\",\"insurance\":\"0.00\",\"handling_fee\":\"0.00\",\"shipping_discount\":\"0.00\",\"discount\":\"0.00\"}},\"payee\":{\"merchant_id\":\"CAMTBSFL85D3W\",\"email\":\"sb-ohxbs3912281@business.example.com\"},\"description\":\"acetaminofen\",\"note_to_payee\":\"Orden de Compra\",\"item_list\":{\"items\":[{\"name\":\"acetaminofen\",\"sku\":\"aceta1\",\"price\":\"10.00\",\"currency\":\"USD\",\"tax\":\"0.00\",\"quantity\":25},{\"name\":\"Sudagrip\",\"sku\":\"NANI\",\"price\":\"1.00\",\"currency\":\"USD\",\"tax\":\"0.00\",\"quantity\":4}],\"shipping_address\":{\"recipient_name\":\"John Doe\",\"line1\":\"Free Trade Zone\",\"city\":\"Tegucigalpa\",\"state\":\"Tegucigalpa\",\"postal_code\":\"12345\",\"country_code\":\"HN\"}},\"related_resources\":[{\"sale\":{\"id\":\"00L849468D2228434\",\"state\":\"completed\",\"amount\":{\"total\":\"254.00\",\"currency\":\"USD\",\"details\":{\"subtotal\":\"254.00\",\"shipping\":\"0.00\",\"insurance\":\"0.00\",\"handling_fee\":\"0.00\",\"shipping_discount\":\"0.00\",\"discount\":\"0.00\"}},\"payment_mode\":\"INSTANT_TRANSFER\",\"protection_eligibility\":\"ELIGIBLE\",\"protection_eligibility_type\":\"ITEM_NOT_RECEIVED_ELIGIBLE,UNAUTHORIZED_PAYMENT_ELIGIBLE\",\"transaction_fee\":{\"value\":\"12.75\",\"currency\":\"USD\"},\"parent_payment\":\"PAYID-L7IHBQQ0C35189316836210M\",\"create_time\":\"2020-12-09T06:38:12Z\",\"update_time\":\"2020-12-09T06:38:12Z\",\"links\":[{\"href\":\"https://api.sandbox.paypal.com/v1/payments/sale/00L849468D2228434\",\"rel\":\"self\",\"method\":\"GET\"},{\"href\":\"https://api.sandbox.paypal.com/v1/payments/sale/00L849468D2228434/refund\",\"rel\":\"refund\",\"method\":\"POST\"},{\"href\":\"https://api.sandbox.paypal.com/v1/payments/payment/PAYID-L7IHBQQ0C35189316836210M\",\"rel\":\"parent_payment\",\"method\":\"GET\"}]}}]}],\"create_time\":\"2020-12-09T06:37:54Z\",\"update_time\":\"2020-12-09T06:38:12Z\",\"links\":[{\"href\":\"https://api.sandbox.paypal.com/v1/payments/payment/PAYID-L7IHBQQ0C35189316836210M\",\"rel\":\"self\",\"method\":\"GET\"}]}'),(24,'PAYPAL','{\"id\":\"PAYID-L7IHBQQ0C35189316836210M\",\"intent\":\"sale\",\"state\":\"approved\",\"cart\":\"6CS72739CV5446206\",\"payer\":{\"payment_method\":\"paypal\",\"status\":\"VERIFIED\",\"payer_info\":{\"email\":\"sb-tlm4h3948077@personal.example.com\",\"first_name\":\"John\",\"last_name\":\"Doe\",\"payer_id\":\"J8E2MEN7M735U\",\"shipping_address\":{\"recipient_name\":\"John Doe\",\"line1\":\"Free Trade Zone\",\"city\":\"Tegucigalpa\",\"state\":\"Tegucigalpa\",\"postal_code\":\"12345\",\"country_code\":\"HN\"},\"phone\":\"5047814325\",\"country_code\":\"HN\"}},\"transactions\":[{\"amount\":{\"total\":\"254.00\",\"currency\":\"USD\",\"details\":{\"subtotal\":\"254.00\",\"shipping\":\"0.00\",\"insurance\":\"0.00\",\"handling_fee\":\"0.00\",\"shipping_discount\":\"0.00\",\"discount\":\"0.00\"}},\"payee\":{\"merchant_id\":\"CAMTBSFL85D3W\",\"email\":\"sb-ohxbs3912281@business.example.com\"},\"description\":\"acetaminofen\",\"note_to_payee\":\"Orden de Compra\",\"item_list\":{\"items\":[{\"name\":\"acetaminofen\",\"sku\":\"aceta1\",\"price\":\"10.00\",\"currency\":\"USD\",\"tax\":\"0.00\",\"quantity\":25},{\"name\":\"Sudagrip\",\"sku\":\"NANI\",\"price\":\"1.00\",\"currency\":\"USD\",\"tax\":\"0.00\",\"quantity\":4}],\"shipping_address\":{\"recipient_name\":\"John Doe\",\"line1\":\"Free Trade Zone\",\"city\":\"Tegucigalpa\",\"state\":\"Tegucigalpa\",\"postal_code\":\"12345\",\"country_code\":\"HN\"}},\"related_resources\":[{\"sale\":{\"id\":\"00L849468D2228434\",\"state\":\"completed\",\"amount\":{\"total\":\"254.00\",\"currency\":\"USD\",\"details\":{\"subtotal\":\"254.00\",\"shipping\":\"0.00\",\"insurance\":\"0.00\",\"handling_fee\":\"0.00\",\"shipping_discount\":\"0.00\",\"discount\":\"0.00\"}},\"payment_mode\":\"INSTANT_TRANSFER\",\"protection_eligibility\":\"ELIGIBLE\",\"protection_eligibility_type\":\"ITEM_NOT_RECEIVED_ELIGIBLE,UNAUTHORIZED_PAYMENT_ELIGIBLE\",\"transaction_fee\":{\"value\":\"12.75\",\"currency\":\"USD\"},\"parent_payment\":\"PAYID-L7IHBQQ0C35189316836210M\",\"create_time\":\"2020-12-09T06:38:12Z\",\"update_time\":\"2020-12-09T06:38:12Z\",\"links\":[{\"href\":\"https://api.sandbox.paypal.com/v1/payments/sale/00L849468D2228434\",\"rel\":\"self\",\"method\":\"GET\"},{\"href\":\"https://api.sandbox.paypal.com/v1/payments/sale/00L849468D2228434/refund\",\"rel\":\"refund\",\"method\":\"POST\"},{\"href\":\"https://api.sandbox.paypal.com/v1/payments/payment/PAYID-L7IHBQQ0C35189316836210M\",\"rel\":\"parent_payment\",\"method\":\"GET\"}]}}]}],\"create_time\":\"2020-12-09T06:37:54Z\",\"update_time\":\"2020-12-09T06:38:12Z\",\"links\":[{\"href\":\"https://api.sandbox.paypal.com/v1/payments/payment/PAYID-L7IHBQQ0C35189316836210M\",\"rel\":\"self\",\"method\":\"GET\"}]}'),(25,'PAYPAL','{\"id\":\"PAYID-L7IHBQQ0C35189316836210M\",\"intent\":\"sale\",\"state\":\"approved\",\"cart\":\"6CS72739CV5446206\",\"payer\":{\"payment_method\":\"paypal\",\"status\":\"VERIFIED\",\"payer_info\":{\"email\":\"sb-tlm4h3948077@personal.example.com\",\"first_name\":\"John\",\"last_name\":\"Doe\",\"payer_id\":\"J8E2MEN7M735U\",\"shipping_address\":{\"recipient_name\":\"John Doe\",\"line1\":\"Free Trade Zone\",\"city\":\"Tegucigalpa\",\"state\":\"Tegucigalpa\",\"postal_code\":\"12345\",\"country_code\":\"HN\"},\"phone\":\"5047814325\",\"country_code\":\"HN\"}},\"transactions\":[{\"amount\":{\"total\":\"254.00\",\"currency\":\"USD\",\"details\":{\"subtotal\":\"254.00\",\"shipping\":\"0.00\",\"insurance\":\"0.00\",\"handling_fee\":\"0.00\",\"shipping_discount\":\"0.00\",\"discount\":\"0.00\"}},\"payee\":{\"merchant_id\":\"CAMTBSFL85D3W\",\"email\":\"sb-ohxbs3912281@business.example.com\"},\"description\":\"acetaminofen\",\"note_to_payee\":\"Orden de Compra\",\"item_list\":{\"items\":[{\"name\":\"acetaminofen\",\"sku\":\"aceta1\",\"price\":\"10.00\",\"currency\":\"USD\",\"tax\":\"0.00\",\"quantity\":25},{\"name\":\"Sudagrip\",\"sku\":\"NANI\",\"price\":\"1.00\",\"currency\":\"USD\",\"tax\":\"0.00\",\"quantity\":4}],\"shipping_address\":{\"recipient_name\":\"John Doe\",\"line1\":\"Free Trade Zone\",\"city\":\"Tegucigalpa\",\"state\":\"Tegucigalpa\",\"postal_code\":\"12345\",\"country_code\":\"HN\"}},\"related_resources\":[{\"sale\":{\"id\":\"00L849468D2228434\",\"state\":\"completed\",\"amount\":{\"total\":\"254.00\",\"currency\":\"USD\",\"details\":{\"subtotal\":\"254.00\",\"shipping\":\"0.00\",\"insurance\":\"0.00\",\"handling_fee\":\"0.00\",\"shipping_discount\":\"0.00\",\"discount\":\"0.00\"}},\"payment_mode\":\"INSTANT_TRANSFER\",\"protection_eligibility\":\"ELIGIBLE\",\"protection_eligibility_type\":\"ITEM_NOT_RECEIVED_ELIGIBLE,UNAUTHORIZED_PAYMENT_ELIGIBLE\",\"transaction_fee\":{\"value\":\"12.75\",\"currency\":\"USD\"},\"parent_payment\":\"PAYID-L7IHBQQ0C35189316836210M\",\"create_time\":\"2020-12-09T06:38:12Z\",\"update_time\":\"2020-12-09T06:38:12Z\",\"links\":[{\"href\":\"https://api.sandbox.paypal.com/v1/payments/sale/00L849468D2228434\",\"rel\":\"self\",\"method\":\"GET\"},{\"href\":\"https://api.sandbox.paypal.com/v1/payments/sale/00L849468D2228434/refund\",\"rel\":\"refund\",\"method\":\"POST\"},{\"href\":\"https://api.sandbox.paypal.com/v1/payments/payment/PAYID-L7IHBQQ0C35189316836210M\",\"rel\":\"parent_payment\",\"method\":\"GET\"}]}}]}],\"create_time\":\"2020-12-09T06:37:54Z\",\"update_time\":\"2020-12-09T06:38:12Z\",\"links\":[{\"href\":\"https://api.sandbox.paypal.com/v1/payments/payment/PAYID-L7IHBQQ0C35189316836210M\",\"rel\":\"self\",\"method\":\"GET\"}]}'),(26,'PAYPAL','{\"id\":\"PAYID-L7IHBQQ0C35189316836210M\",\"intent\":\"sale\",\"state\":\"approved\",\"cart\":\"6CS72739CV5446206\",\"payer\":{\"payment_method\":\"paypal\",\"status\":\"VERIFIED\",\"payer_info\":{\"email\":\"sb-tlm4h3948077@personal.example.com\",\"first_name\":\"John\",\"last_name\":\"Doe\",\"payer_id\":\"J8E2MEN7M735U\",\"shipping_address\":{\"recipient_name\":\"John Doe\",\"line1\":\"Free Trade Zone\",\"city\":\"Tegucigalpa\",\"state\":\"Tegucigalpa\",\"postal_code\":\"12345\",\"country_code\":\"HN\"},\"phone\":\"5047814325\",\"country_code\":\"HN\"}},\"transactions\":[{\"amount\":{\"total\":\"254.00\",\"currency\":\"USD\",\"details\":{\"subtotal\":\"254.00\",\"shipping\":\"0.00\",\"insurance\":\"0.00\",\"handling_fee\":\"0.00\",\"shipping_discount\":\"0.00\",\"discount\":\"0.00\"}},\"payee\":{\"merchant_id\":\"CAMTBSFL85D3W\",\"email\":\"sb-ohxbs3912281@business.example.com\"},\"description\":\"acetaminofen\",\"note_to_payee\":\"Orden de Compra\",\"item_list\":{\"items\":[{\"name\":\"acetaminofen\",\"sku\":\"aceta1\",\"price\":\"10.00\",\"currency\":\"USD\",\"tax\":\"0.00\",\"quantity\":25},{\"name\":\"Sudagrip\",\"sku\":\"NANI\",\"price\":\"1.00\",\"currency\":\"USD\",\"tax\":\"0.00\",\"quantity\":4}],\"shipping_address\":{\"recipient_name\":\"John Doe\",\"line1\":\"Free Trade Zone\",\"city\":\"Tegucigalpa\",\"state\":\"Tegucigalpa\",\"postal_code\":\"12345\",\"country_code\":\"HN\"}},\"related_resources\":[{\"sale\":{\"id\":\"00L849468D2228434\",\"state\":\"completed\",\"amount\":{\"total\":\"254.00\",\"currency\":\"USD\",\"details\":{\"subtotal\":\"254.00\",\"shipping\":\"0.00\",\"insurance\":\"0.00\",\"handling_fee\":\"0.00\",\"shipping_discount\":\"0.00\",\"discount\":\"0.00\"}},\"payment_mode\":\"INSTANT_TRANSFER\",\"protection_eligibility\":\"ELIGIBLE\",\"protection_eligibility_type\":\"ITEM_NOT_RECEIVED_ELIGIBLE,UNAUTHORIZED_PAYMENT_ELIGIBLE\",\"transaction_fee\":{\"value\":\"12.75\",\"currency\":\"USD\"},\"parent_payment\":\"PAYID-L7IHBQQ0C35189316836210M\",\"create_time\":\"2020-12-09T06:38:12Z\",\"update_time\":\"2020-12-09T06:38:12Z\",\"links\":[{\"href\":\"https://api.sandbox.paypal.com/v1/payments/sale/00L849468D2228434\",\"rel\":\"self\",\"method\":\"GET\"},{\"href\":\"https://api.sandbox.paypal.com/v1/payments/sale/00L849468D2228434/refund\",\"rel\":\"refund\",\"method\":\"POST\"},{\"href\":\"https://api.sandbox.paypal.com/v1/payments/payment/PAYID-L7IHBQQ0C35189316836210M\",\"rel\":\"parent_payment\",\"method\":\"GET\"}]}}]}],\"create_time\":\"2020-12-09T06:37:54Z\",\"update_time\":\"2020-12-09T06:38:12Z\",\"links\":[{\"href\":\"https://api.sandbox.paypal.com/v1/payments/payment/PAYID-L7IHBQQ0C35189316836210M\",\"rel\":\"self\",\"method\":\"GET\"}]}'),(27,'PAYPAL','{\"id\":\"PAYID-L7IHBQQ0C35189316836210M\",\"intent\":\"sale\",\"state\":\"approved\",\"cart\":\"6CS72739CV5446206\",\"payer\":{\"payment_method\":\"paypal\",\"status\":\"VERIFIED\",\"payer_info\":{\"email\":\"sb-tlm4h3948077@personal.example.com\",\"first_name\":\"John\",\"last_name\":\"Doe\",\"payer_id\":\"J8E2MEN7M735U\",\"shipping_address\":{\"recipient_name\":\"John Doe\",\"line1\":\"Free Trade Zone\",\"city\":\"Tegucigalpa\",\"state\":\"Tegucigalpa\",\"postal_code\":\"12345\",\"country_code\":\"HN\"},\"phone\":\"5047814325\",\"country_code\":\"HN\"}},\"transactions\":[{\"amount\":{\"total\":\"254.00\",\"currency\":\"USD\",\"details\":{\"subtotal\":\"254.00\",\"shipping\":\"0.00\",\"insurance\":\"0.00\",\"handling_fee\":\"0.00\",\"shipping_discount\":\"0.00\",\"discount\":\"0.00\"}},\"payee\":{\"merchant_id\":\"CAMTBSFL85D3W\",\"email\":\"sb-ohxbs3912281@business.example.com\"},\"description\":\"acetaminofen\",\"note_to_payee\":\"Orden de Compra\",\"item_list\":{\"items\":[{\"name\":\"acetaminofen\",\"sku\":\"aceta1\",\"price\":\"10.00\",\"currency\":\"USD\",\"tax\":\"0.00\",\"quantity\":25},{\"name\":\"Sudagrip\",\"sku\":\"NANI\",\"price\":\"1.00\",\"currency\":\"USD\",\"tax\":\"0.00\",\"quantity\":4}],\"shipping_address\":{\"recipient_name\":\"John Doe\",\"line1\":\"Free Trade Zone\",\"city\":\"Tegucigalpa\",\"state\":\"Tegucigalpa\",\"postal_code\":\"12345\",\"country_code\":\"HN\"}},\"related_resources\":[{\"sale\":{\"id\":\"00L849468D2228434\",\"state\":\"completed\",\"amount\":{\"total\":\"254.00\",\"currency\":\"USD\",\"details\":{\"subtotal\":\"254.00\",\"shipping\":\"0.00\",\"insurance\":\"0.00\",\"handling_fee\":\"0.00\",\"shipping_discount\":\"0.00\",\"discount\":\"0.00\"}},\"payment_mode\":\"INSTANT_TRANSFER\",\"protection_eligibility\":\"ELIGIBLE\",\"protection_eligibility_type\":\"ITEM_NOT_RECEIVED_ELIGIBLE,UNAUTHORIZED_PAYMENT_ELIGIBLE\",\"transaction_fee\":{\"value\":\"12.75\",\"currency\":\"USD\"},\"parent_payment\":\"PAYID-L7IHBQQ0C35189316836210M\",\"create_time\":\"2020-12-09T06:38:12Z\",\"update_time\":\"2020-12-09T06:38:12Z\",\"links\":[{\"href\":\"https://api.sandbox.paypal.com/v1/payments/sale/00L849468D2228434\",\"rel\":\"self\",\"method\":\"GET\"},{\"href\":\"https://api.sandbox.paypal.com/v1/payments/sale/00L849468D2228434/refund\",\"rel\":\"refund\",\"method\":\"POST\"},{\"href\":\"https://api.sandbox.paypal.com/v1/payments/payment/PAYID-L7IHBQQ0C35189316836210M\",\"rel\":\"parent_payment\",\"method\":\"GET\"}]}}]}],\"create_time\":\"2020-12-09T06:37:54Z\",\"update_time\":\"2020-12-09T06:38:12Z\",\"links\":[{\"href\":\"https://api.sandbox.paypal.com/v1/payments/payment/PAYID-L7IHBQQ0C35189316836210M\",\"rel\":\"self\",\"method\":\"GET\"}]}'),(28,'PAYPAL','{\"id\":\"PAYID-L7IHBQQ0C35189316836210M\",\"intent\":\"sale\",\"state\":\"approved\",\"cart\":\"6CS72739CV5446206\",\"payer\":{\"payment_method\":\"paypal\",\"status\":\"VERIFIED\",\"payer_info\":{\"email\":\"sb-tlm4h3948077@personal.example.com\",\"first_name\":\"John\",\"last_name\":\"Doe\",\"payer_id\":\"J8E2MEN7M735U\",\"shipping_address\":{\"recipient_name\":\"John Doe\",\"line1\":\"Free Trade Zone\",\"city\":\"Tegucigalpa\",\"state\":\"Tegucigalpa\",\"postal_code\":\"12345\",\"country_code\":\"HN\"},\"phone\":\"5047814325\",\"country_code\":\"HN\"}},\"transactions\":[{\"amount\":{\"total\":\"254.00\",\"currency\":\"USD\",\"details\":{\"subtotal\":\"254.00\",\"shipping\":\"0.00\",\"insurance\":\"0.00\",\"handling_fee\":\"0.00\",\"shipping_discount\":\"0.00\",\"discount\":\"0.00\"}},\"payee\":{\"merchant_id\":\"CAMTBSFL85D3W\",\"email\":\"sb-ohxbs3912281@business.example.com\"},\"description\":\"acetaminofen\",\"note_to_payee\":\"Orden de Compra\",\"item_list\":{\"items\":[{\"name\":\"acetaminofen\",\"sku\":\"aceta1\",\"price\":\"10.00\",\"currency\":\"USD\",\"tax\":\"0.00\",\"quantity\":25},{\"name\":\"Sudagrip\",\"sku\":\"NANI\",\"price\":\"1.00\",\"currency\":\"USD\",\"tax\":\"0.00\",\"quantity\":4}],\"shipping_address\":{\"recipient_name\":\"John Doe\",\"line1\":\"Free Trade Zone\",\"city\":\"Tegucigalpa\",\"state\":\"Tegucigalpa\",\"postal_code\":\"12345\",\"country_code\":\"HN\"}},\"related_resources\":[{\"sale\":{\"id\":\"00L849468D2228434\",\"state\":\"completed\",\"amount\":{\"total\":\"254.00\",\"currency\":\"USD\",\"details\":{\"subtotal\":\"254.00\",\"shipping\":\"0.00\",\"insurance\":\"0.00\",\"handling_fee\":\"0.00\",\"shipping_discount\":\"0.00\",\"discount\":\"0.00\"}},\"payment_mode\":\"INSTANT_TRANSFER\",\"protection_eligibility\":\"ELIGIBLE\",\"protection_eligibility_type\":\"ITEM_NOT_RECEIVED_ELIGIBLE,UNAUTHORIZED_PAYMENT_ELIGIBLE\",\"transaction_fee\":{\"value\":\"12.75\",\"currency\":\"USD\"},\"parent_payment\":\"PAYID-L7IHBQQ0C35189316836210M\",\"create_time\":\"2020-12-09T06:38:12Z\",\"update_time\":\"2020-12-09T06:38:12Z\",\"links\":[{\"href\":\"https://api.sandbox.paypal.com/v1/payments/sale/00L849468D2228434\",\"rel\":\"self\",\"method\":\"GET\"},{\"href\":\"https://api.sandbox.paypal.com/v1/payments/sale/00L849468D2228434/refund\",\"rel\":\"refund\",\"method\":\"POST\"},{\"href\":\"https://api.sandbox.paypal.com/v1/payments/payment/PAYID-L7IHBQQ0C35189316836210M\",\"rel\":\"parent_payment\",\"method\":\"GET\"}]}}]}],\"create_time\":\"2020-12-09T06:37:54Z\",\"update_time\":\"2020-12-09T06:38:12Z\",\"links\":[{\"href\":\"https://api.sandbox.paypal.com/v1/payments/payment/PAYID-L7IHBQQ0C35189316836210M\",\"rel\":\"self\",\"method\":\"GET\"}]}'),(29,'PAYPAL','{\"id\":\"PAYID-L7IHBQQ0C35189316836210M\",\"intent\":\"sale\",\"state\":\"approved\",\"cart\":\"6CS72739CV5446206\",\"payer\":{\"payment_method\":\"paypal\",\"status\":\"VERIFIED\",\"payer_info\":{\"email\":\"sb-tlm4h3948077@personal.example.com\",\"first_name\":\"John\",\"last_name\":\"Doe\",\"payer_id\":\"J8E2MEN7M735U\",\"shipping_address\":{\"recipient_name\":\"John Doe\",\"line1\":\"Free Trade Zone\",\"city\":\"Tegucigalpa\",\"state\":\"Tegucigalpa\",\"postal_code\":\"12345\",\"country_code\":\"HN\"},\"phone\":\"5047814325\",\"country_code\":\"HN\"}},\"transactions\":[{\"amount\":{\"total\":\"254.00\",\"currency\":\"USD\",\"details\":{\"subtotal\":\"254.00\",\"shipping\":\"0.00\",\"insurance\":\"0.00\",\"handling_fee\":\"0.00\",\"shipping_discount\":\"0.00\",\"discount\":\"0.00\"}},\"payee\":{\"merchant_id\":\"CAMTBSFL85D3W\",\"email\":\"sb-ohxbs3912281@business.example.com\"},\"description\":\"acetaminofen\",\"note_to_payee\":\"Orden de Compra\",\"item_list\":{\"items\":[{\"name\":\"acetaminofen\",\"sku\":\"aceta1\",\"price\":\"10.00\",\"currency\":\"USD\",\"tax\":\"0.00\",\"quantity\":25},{\"name\":\"Sudagrip\",\"sku\":\"NANI\",\"price\":\"1.00\",\"currency\":\"USD\",\"tax\":\"0.00\",\"quantity\":4}],\"shipping_address\":{\"recipient_name\":\"John Doe\",\"line1\":\"Free Trade Zone\",\"city\":\"Tegucigalpa\",\"state\":\"Tegucigalpa\",\"postal_code\":\"12345\",\"country_code\":\"HN\"}},\"related_resources\":[{\"sale\":{\"id\":\"00L849468D2228434\",\"state\":\"completed\",\"amount\":{\"total\":\"254.00\",\"currency\":\"USD\",\"details\":{\"subtotal\":\"254.00\",\"shipping\":\"0.00\",\"insurance\":\"0.00\",\"handling_fee\":\"0.00\",\"shipping_discount\":\"0.00\",\"discount\":\"0.00\"}},\"payment_mode\":\"INSTANT_TRANSFER\",\"protection_eligibility\":\"ELIGIBLE\",\"protection_eligibility_type\":\"ITEM_NOT_RECEIVED_ELIGIBLE,UNAUTHORIZED_PAYMENT_ELIGIBLE\",\"transaction_fee\":{\"value\":\"12.75\",\"currency\":\"USD\"},\"parent_payment\":\"PAYID-L7IHBQQ0C35189316836210M\",\"create_time\":\"2020-12-09T06:38:12Z\",\"update_time\":\"2020-12-09T06:38:12Z\",\"links\":[{\"href\":\"https://api.sandbox.paypal.com/v1/payments/sale/00L849468D2228434\",\"rel\":\"self\",\"method\":\"GET\"},{\"href\":\"https://api.sandbox.paypal.com/v1/payments/sale/00L849468D2228434/refund\",\"rel\":\"refund\",\"method\":\"POST\"},{\"href\":\"https://api.sandbox.paypal.com/v1/payments/payment/PAYID-L7IHBQQ0C35189316836210M\",\"rel\":\"parent_payment\",\"method\":\"GET\"}]}}]}],\"create_time\":\"2020-12-09T06:37:54Z\",\"update_time\":\"2020-12-09T06:38:12Z\",\"links\":[{\"href\":\"https://api.sandbox.paypal.com/v1/payments/payment/PAYID-L7IHBQQ0C35189316836210M\",\"rel\":\"self\",\"method\":\"GET\"}]}'),(30,'PAYPAL','{\"id\":\"PAYID-L7IHBQQ0C35189316836210M\",\"intent\":\"sale\",\"state\":\"approved\",\"cart\":\"6CS72739CV5446206\",\"payer\":{\"payment_method\":\"paypal\",\"status\":\"VERIFIED\",\"payer_info\":{\"email\":\"sb-tlm4h3948077@personal.example.com\",\"first_name\":\"John\",\"last_name\":\"Doe\",\"payer_id\":\"J8E2MEN7M735U\",\"shipping_address\":{\"recipient_name\":\"John Doe\",\"line1\":\"Free Trade Zone\",\"city\":\"Tegucigalpa\",\"state\":\"Tegucigalpa\",\"postal_code\":\"12345\",\"country_code\":\"HN\"},\"phone\":\"5047814325\",\"country_code\":\"HN\"}},\"transactions\":[{\"amount\":{\"total\":\"254.00\",\"currency\":\"USD\",\"details\":{\"subtotal\":\"254.00\",\"shipping\":\"0.00\",\"insurance\":\"0.00\",\"handling_fee\":\"0.00\",\"shipping_discount\":\"0.00\",\"discount\":\"0.00\"}},\"payee\":{\"merchant_id\":\"CAMTBSFL85D3W\",\"email\":\"sb-ohxbs3912281@business.example.com\"},\"description\":\"acetaminofen\",\"note_to_payee\":\"Orden de Compra\",\"item_list\":{\"items\":[{\"name\":\"acetaminofen\",\"sku\":\"aceta1\",\"price\":\"10.00\",\"currency\":\"USD\",\"tax\":\"0.00\",\"quantity\":25},{\"name\":\"Sudagrip\",\"sku\":\"NANI\",\"price\":\"1.00\",\"currency\":\"USD\",\"tax\":\"0.00\",\"quantity\":4}],\"shipping_address\":{\"recipient_name\":\"John Doe\",\"line1\":\"Free Trade Zone\",\"city\":\"Tegucigalpa\",\"state\":\"Tegucigalpa\",\"postal_code\":\"12345\",\"country_code\":\"HN\"}},\"related_resources\":[{\"sale\":{\"id\":\"00L849468D2228434\",\"state\":\"completed\",\"amount\":{\"total\":\"254.00\",\"currency\":\"USD\",\"details\":{\"subtotal\":\"254.00\",\"shipping\":\"0.00\",\"insurance\":\"0.00\",\"handling_fee\":\"0.00\",\"shipping_discount\":\"0.00\",\"discount\":\"0.00\"}},\"payment_mode\":\"INSTANT_TRANSFER\",\"protection_eligibility\":\"ELIGIBLE\",\"protection_eligibility_type\":\"ITEM_NOT_RECEIVED_ELIGIBLE,UNAUTHORIZED_PAYMENT_ELIGIBLE\",\"transaction_fee\":{\"value\":\"12.75\",\"currency\":\"USD\"},\"parent_payment\":\"PAYID-L7IHBQQ0C35189316836210M\",\"create_time\":\"2020-12-09T06:38:12Z\",\"update_time\":\"2020-12-09T06:38:12Z\",\"links\":[{\"href\":\"https://api.sandbox.paypal.com/v1/payments/sale/00L849468D2228434\",\"rel\":\"self\",\"method\":\"GET\"},{\"href\":\"https://api.sandbox.paypal.com/v1/payments/sale/00L849468D2228434/refund\",\"rel\":\"refund\",\"method\":\"POST\"},{\"href\":\"https://api.sandbox.paypal.com/v1/payments/payment/PAYID-L7IHBQQ0C35189316836210M\",\"rel\":\"parent_payment\",\"method\":\"GET\"}]}}]}],\"create_time\":\"2020-12-09T06:37:54Z\",\"update_time\":\"2020-12-09T06:38:12Z\",\"links\":[{\"href\":\"https://api.sandbox.paypal.com/v1/payments/payment/PAYID-L7IHBQQ0C35189316836210M\",\"rel\":\"self\",\"method\":\"GET\"}]}'),(31,'PAYPAL','{\"id\":\"PAYID-L7IHBQQ0C35189316836210M\",\"intent\":\"sale\",\"state\":\"approved\",\"cart\":\"6CS72739CV5446206\",\"payer\":{\"payment_method\":\"paypal\",\"status\":\"VERIFIED\",\"payer_info\":{\"email\":\"sb-tlm4h3948077@personal.example.com\",\"first_name\":\"John\",\"last_name\":\"Doe\",\"payer_id\":\"J8E2MEN7M735U\",\"shipping_address\":{\"recipient_name\":\"John Doe\",\"line1\":\"Free Trade Zone\",\"city\":\"Tegucigalpa\",\"state\":\"Tegucigalpa\",\"postal_code\":\"12345\",\"country_code\":\"HN\"},\"phone\":\"5047814325\",\"country_code\":\"HN\"}},\"transactions\":[{\"amount\":{\"total\":\"254.00\",\"currency\":\"USD\",\"details\":{\"subtotal\":\"254.00\",\"shipping\":\"0.00\",\"insurance\":\"0.00\",\"handling_fee\":\"0.00\",\"shipping_discount\":\"0.00\",\"discount\":\"0.00\"}},\"payee\":{\"merchant_id\":\"CAMTBSFL85D3W\",\"email\":\"sb-ohxbs3912281@business.example.com\"},\"description\":\"acetaminofen\",\"note_to_payee\":\"Orden de Compra\",\"item_list\":{\"items\":[{\"name\":\"acetaminofen\",\"sku\":\"aceta1\",\"price\":\"10.00\",\"currency\":\"USD\",\"tax\":\"0.00\",\"quantity\":25},{\"name\":\"Sudagrip\",\"sku\":\"NANI\",\"price\":\"1.00\",\"currency\":\"USD\",\"tax\":\"0.00\",\"quantity\":4}],\"shipping_address\":{\"recipient_name\":\"John Doe\",\"line1\":\"Free Trade Zone\",\"city\":\"Tegucigalpa\",\"state\":\"Tegucigalpa\",\"postal_code\":\"12345\",\"country_code\":\"HN\"}},\"related_resources\":[{\"sale\":{\"id\":\"00L849468D2228434\",\"state\":\"completed\",\"amount\":{\"total\":\"254.00\",\"currency\":\"USD\",\"details\":{\"subtotal\":\"254.00\",\"shipping\":\"0.00\",\"insurance\":\"0.00\",\"handling_fee\":\"0.00\",\"shipping_discount\":\"0.00\",\"discount\":\"0.00\"}},\"payment_mode\":\"INSTANT_TRANSFER\",\"protection_eligibility\":\"ELIGIBLE\",\"protection_eligibility_type\":\"ITEM_NOT_RECEIVED_ELIGIBLE,UNAUTHORIZED_PAYMENT_ELIGIBLE\",\"transaction_fee\":{\"value\":\"12.75\",\"currency\":\"USD\"},\"parent_payment\":\"PAYID-L7IHBQQ0C35189316836210M\",\"create_time\":\"2020-12-09T06:38:12Z\",\"update_time\":\"2020-12-09T06:38:12Z\",\"links\":[{\"href\":\"https://api.sandbox.paypal.com/v1/payments/sale/00L849468D2228434\",\"rel\":\"self\",\"method\":\"GET\"},{\"href\":\"https://api.sandbox.paypal.com/v1/payments/sale/00L849468D2228434/refund\",\"rel\":\"refund\",\"method\":\"POST\"},{\"href\":\"https://api.sandbox.paypal.com/v1/payments/payment/PAYID-L7IHBQQ0C35189316836210M\",\"rel\":\"parent_payment\",\"method\":\"GET\"}]}}]}],\"create_time\":\"2020-12-09T06:37:54Z\",\"update_time\":\"2020-12-09T06:38:12Z\",\"links\":[{\"href\":\"https://api.sandbox.paypal.com/v1/payments/payment/PAYID-L7IHBQQ0C35189316836210M\",\"rel\":\"self\",\"method\":\"GET\"}]}'),(32,'PAYPAL','{\"id\":\"PAYID-L7IHBQQ0C35189316836210M\",\"intent\":\"sale\",\"state\":\"approved\",\"cart\":\"6CS72739CV5446206\",\"payer\":{\"payment_method\":\"paypal\",\"status\":\"VERIFIED\",\"payer_info\":{\"email\":\"sb-tlm4h3948077@personal.example.com\",\"first_name\":\"John\",\"last_name\":\"Doe\",\"payer_id\":\"J8E2MEN7M735U\",\"shipping_address\":{\"recipient_name\":\"John Doe\",\"line1\":\"Free Trade Zone\",\"city\":\"Tegucigalpa\",\"state\":\"Tegucigalpa\",\"postal_code\":\"12345\",\"country_code\":\"HN\"},\"phone\":\"5047814325\",\"country_code\":\"HN\"}},\"transactions\":[{\"amount\":{\"total\":\"254.00\",\"currency\":\"USD\",\"details\":{\"subtotal\":\"254.00\",\"shipping\":\"0.00\",\"insurance\":\"0.00\",\"handling_fee\":\"0.00\",\"shipping_discount\":\"0.00\",\"discount\":\"0.00\"}},\"payee\":{\"merchant_id\":\"CAMTBSFL85D3W\",\"email\":\"sb-ohxbs3912281@business.example.com\"},\"description\":\"acetaminofen\",\"note_to_payee\":\"Orden de Compra\",\"item_list\":{\"items\":[{\"name\":\"acetaminofen\",\"sku\":\"aceta1\",\"price\":\"10.00\",\"currency\":\"USD\",\"tax\":\"0.00\",\"quantity\":25},{\"name\":\"Sudagrip\",\"sku\":\"NANI\",\"price\":\"1.00\",\"currency\":\"USD\",\"tax\":\"0.00\",\"quantity\":4}],\"shipping_address\":{\"recipient_name\":\"John Doe\",\"line1\":\"Free Trade Zone\",\"city\":\"Tegucigalpa\",\"state\":\"Tegucigalpa\",\"postal_code\":\"12345\",\"country_code\":\"HN\"}},\"related_resources\":[{\"sale\":{\"id\":\"00L849468D2228434\",\"state\":\"completed\",\"amount\":{\"total\":\"254.00\",\"currency\":\"USD\",\"details\":{\"subtotal\":\"254.00\",\"shipping\":\"0.00\",\"insurance\":\"0.00\",\"handling_fee\":\"0.00\",\"shipping_discount\":\"0.00\",\"discount\":\"0.00\"}},\"payment_mode\":\"INSTANT_TRANSFER\",\"protection_eligibility\":\"ELIGIBLE\",\"protection_eligibility_type\":\"ITEM_NOT_RECEIVED_ELIGIBLE,UNAUTHORIZED_PAYMENT_ELIGIBLE\",\"transaction_fee\":{\"value\":\"12.75\",\"currency\":\"USD\"},\"parent_payment\":\"PAYID-L7IHBQQ0C35189316836210M\",\"create_time\":\"2020-12-09T06:38:12Z\",\"update_time\":\"2020-12-09T06:38:12Z\",\"links\":[{\"href\":\"https://api.sandbox.paypal.com/v1/payments/sale/00L849468D2228434\",\"rel\":\"self\",\"method\":\"GET\"},{\"href\":\"https://api.sandbox.paypal.com/v1/payments/sale/00L849468D2228434/refund\",\"rel\":\"refund\",\"method\":\"POST\"},{\"href\":\"https://api.sandbox.paypal.com/v1/payments/payment/PAYID-L7IHBQQ0C35189316836210M\",\"rel\":\"parent_payment\",\"method\":\"GET\"}]}}]}],\"create_time\":\"2020-12-09T06:37:54Z\",\"update_time\":\"2020-12-09T06:38:12Z\",\"links\":[{\"href\":\"https://api.sandbox.paypal.com/v1/payments/payment/PAYID-L7IHBQQ0C35189316836210M\",\"rel\":\"self\",\"method\":\"GET\"}]}'),(33,'PAYPAL','{\"id\":\"PAYID-L7IHBQQ0C35189316836210M\",\"intent\":\"sale\",\"state\":\"approved\",\"cart\":\"6CS72739CV5446206\",\"payer\":{\"payment_method\":\"paypal\",\"status\":\"VERIFIED\",\"payer_info\":{\"email\":\"sb-tlm4h3948077@personal.example.com\",\"first_name\":\"John\",\"last_name\":\"Doe\",\"payer_id\":\"J8E2MEN7M735U\",\"shipping_address\":{\"recipient_name\":\"John Doe\",\"line1\":\"Free Trade Zone\",\"city\":\"Tegucigalpa\",\"state\":\"Tegucigalpa\",\"postal_code\":\"12345\",\"country_code\":\"HN\"},\"phone\":\"5047814325\",\"country_code\":\"HN\"}},\"transactions\":[{\"amount\":{\"total\":\"254.00\",\"currency\":\"USD\",\"details\":{\"subtotal\":\"254.00\",\"shipping\":\"0.00\",\"insurance\":\"0.00\",\"handling_fee\":\"0.00\",\"shipping_discount\":\"0.00\",\"discount\":\"0.00\"}},\"payee\":{\"merchant_id\":\"CAMTBSFL85D3W\",\"email\":\"sb-ohxbs3912281@business.example.com\"},\"description\":\"acetaminofen\",\"note_to_payee\":\"Orden de Compra\",\"item_list\":{\"items\":[{\"name\":\"acetaminofen\",\"sku\":\"aceta1\",\"price\":\"10.00\",\"currency\":\"USD\",\"tax\":\"0.00\",\"quantity\":25},{\"name\":\"Sudagrip\",\"sku\":\"NANI\",\"price\":\"1.00\",\"currency\":\"USD\",\"tax\":\"0.00\",\"quantity\":4}],\"shipping_address\":{\"recipient_name\":\"John Doe\",\"line1\":\"Free Trade Zone\",\"city\":\"Tegucigalpa\",\"state\":\"Tegucigalpa\",\"postal_code\":\"12345\",\"country_code\":\"HN\"}},\"related_resources\":[{\"sale\":{\"id\":\"00L849468D2228434\",\"state\":\"completed\",\"amount\":{\"total\":\"254.00\",\"currency\":\"USD\",\"details\":{\"subtotal\":\"254.00\",\"shipping\":\"0.00\",\"insurance\":\"0.00\",\"handling_fee\":\"0.00\",\"shipping_discount\":\"0.00\",\"discount\":\"0.00\"}},\"payment_mode\":\"INSTANT_TRANSFER\",\"protection_eligibility\":\"ELIGIBLE\",\"protection_eligibility_type\":\"ITEM_NOT_RECEIVED_ELIGIBLE,UNAUTHORIZED_PAYMENT_ELIGIBLE\",\"transaction_fee\":{\"value\":\"12.75\",\"currency\":\"USD\"},\"parent_payment\":\"PAYID-L7IHBQQ0C35189316836210M\",\"create_time\":\"2020-12-09T06:38:12Z\",\"update_time\":\"2020-12-09T06:38:12Z\",\"links\":[{\"href\":\"https://api.sandbox.paypal.com/v1/payments/sale/00L849468D2228434\",\"rel\":\"self\",\"method\":\"GET\"},{\"href\":\"https://api.sandbox.paypal.com/v1/payments/sale/00L849468D2228434/refund\",\"rel\":\"refund\",\"method\":\"POST\"},{\"href\":\"https://api.sandbox.paypal.com/v1/payments/payment/PAYID-L7IHBQQ0C35189316836210M\",\"rel\":\"parent_payment\",\"method\":\"GET\"}]}}]}],\"create_time\":\"2020-12-09T06:37:54Z\",\"update_time\":\"2020-12-09T06:38:12Z\",\"links\":[{\"href\":\"https://api.sandbox.paypal.com/v1/payments/payment/PAYID-L7IHBQQ0C35189316836210M\",\"rel\":\"self\",\"method\":\"GET\"}]}'),(34,'PAYPAL','{\"id\":\"PAYID-L7IHBQQ0C35189316836210M\",\"intent\":\"sale\",\"state\":\"approved\",\"cart\":\"6CS72739CV5446206\",\"payer\":{\"payment_method\":\"paypal\",\"status\":\"VERIFIED\",\"payer_info\":{\"email\":\"sb-tlm4h3948077@personal.example.com\",\"first_name\":\"John\",\"last_name\":\"Doe\",\"payer_id\":\"J8E2MEN7M735U\",\"shipping_address\":{\"recipient_name\":\"John Doe\",\"line1\":\"Free Trade Zone\",\"city\":\"Tegucigalpa\",\"state\":\"Tegucigalpa\",\"postal_code\":\"12345\",\"country_code\":\"HN\"},\"phone\":\"5047814325\",\"country_code\":\"HN\"}},\"transactions\":[{\"amount\":{\"total\":\"254.00\",\"currency\":\"USD\",\"details\":{\"subtotal\":\"254.00\",\"shipping\":\"0.00\",\"insurance\":\"0.00\",\"handling_fee\":\"0.00\",\"shipping_discount\":\"0.00\",\"discount\":\"0.00\"}},\"payee\":{\"merchant_id\":\"CAMTBSFL85D3W\",\"email\":\"sb-ohxbs3912281@business.example.com\"},\"description\":\"acetaminofen\",\"note_to_payee\":\"Orden de Compra\",\"item_list\":{\"items\":[{\"name\":\"acetaminofen\",\"sku\":\"aceta1\",\"price\":\"10.00\",\"currency\":\"USD\",\"tax\":\"0.00\",\"quantity\":25},{\"name\":\"Sudagrip\",\"sku\":\"NANI\",\"price\":\"1.00\",\"currency\":\"USD\",\"tax\":\"0.00\",\"quantity\":4}],\"shipping_address\":{\"recipient_name\":\"John Doe\",\"line1\":\"Free Trade Zone\",\"city\":\"Tegucigalpa\",\"state\":\"Tegucigalpa\",\"postal_code\":\"12345\",\"country_code\":\"HN\"}},\"related_resources\":[{\"sale\":{\"id\":\"00L849468D2228434\",\"state\":\"completed\",\"amount\":{\"total\":\"254.00\",\"currency\":\"USD\",\"details\":{\"subtotal\":\"254.00\",\"shipping\":\"0.00\",\"insurance\":\"0.00\",\"handling_fee\":\"0.00\",\"shipping_discount\":\"0.00\",\"discount\":\"0.00\"}},\"payment_mode\":\"INSTANT_TRANSFER\",\"protection_eligibility\":\"ELIGIBLE\",\"protection_eligibility_type\":\"ITEM_NOT_RECEIVED_ELIGIBLE,UNAUTHORIZED_PAYMENT_ELIGIBLE\",\"transaction_fee\":{\"value\":\"12.75\",\"currency\":\"USD\"},\"parent_payment\":\"PAYID-L7IHBQQ0C35189316836210M\",\"create_time\":\"2020-12-09T06:38:12Z\",\"update_time\":\"2020-12-09T06:38:12Z\",\"links\":[{\"href\":\"https://api.sandbox.paypal.com/v1/payments/sale/00L849468D2228434\",\"rel\":\"self\",\"method\":\"GET\"},{\"href\":\"https://api.sandbox.paypal.com/v1/payments/sale/00L849468D2228434/refund\",\"rel\":\"refund\",\"method\":\"POST\"},{\"href\":\"https://api.sandbox.paypal.com/v1/payments/payment/PAYID-L7IHBQQ0C35189316836210M\",\"rel\":\"parent_payment\",\"method\":\"GET\"}]}}]}],\"create_time\":\"2020-12-09T06:37:54Z\",\"update_time\":\"2020-12-09T06:38:12Z\",\"links\":[{\"href\":\"https://api.sandbox.paypal.com/v1/payments/payment/PAYID-L7IHBQQ0C35189316836210M\",\"rel\":\"self\",\"method\":\"GET\"}]}'),(35,'PAYPAL','{\"id\":\"PAYID-L7IHBQQ0C35189316836210M\",\"intent\":\"sale\",\"state\":\"approved\",\"cart\":\"6CS72739CV5446206\",\"payer\":{\"payment_method\":\"paypal\",\"status\":\"VERIFIED\",\"payer_info\":{\"email\":\"sb-tlm4h3948077@personal.example.com\",\"first_name\":\"John\",\"last_name\":\"Doe\",\"payer_id\":\"J8E2MEN7M735U\",\"shipping_address\":{\"recipient_name\":\"John Doe\",\"line1\":\"Free Trade Zone\",\"city\":\"Tegucigalpa\",\"state\":\"Tegucigalpa\",\"postal_code\":\"12345\",\"country_code\":\"HN\"},\"phone\":\"5047814325\",\"country_code\":\"HN\"}},\"transactions\":[{\"amount\":{\"total\":\"254.00\",\"currency\":\"USD\",\"details\":{\"subtotal\":\"254.00\",\"shipping\":\"0.00\",\"insurance\":\"0.00\",\"handling_fee\":\"0.00\",\"shipping_discount\":\"0.00\",\"discount\":\"0.00\"}},\"payee\":{\"merchant_id\":\"CAMTBSFL85D3W\",\"email\":\"sb-ohxbs3912281@business.example.com\"},\"description\":\"acetaminofen\",\"note_to_payee\":\"Orden de Compra\",\"item_list\":{\"items\":[{\"name\":\"acetaminofen\",\"sku\":\"aceta1\",\"price\":\"10.00\",\"currency\":\"USD\",\"tax\":\"0.00\",\"quantity\":25},{\"name\":\"Sudagrip\",\"sku\":\"NANI\",\"price\":\"1.00\",\"currency\":\"USD\",\"tax\":\"0.00\",\"quantity\":4}],\"shipping_address\":{\"recipient_name\":\"John Doe\",\"line1\":\"Free Trade Zone\",\"city\":\"Tegucigalpa\",\"state\":\"Tegucigalpa\",\"postal_code\":\"12345\",\"country_code\":\"HN\"}},\"related_resources\":[{\"sale\":{\"id\":\"00L849468D2228434\",\"state\":\"completed\",\"amount\":{\"total\":\"254.00\",\"currency\":\"USD\",\"details\":{\"subtotal\":\"254.00\",\"shipping\":\"0.00\",\"insurance\":\"0.00\",\"handling_fee\":\"0.00\",\"shipping_discount\":\"0.00\",\"discount\":\"0.00\"}},\"payment_mode\":\"INSTANT_TRANSFER\",\"protection_eligibility\":\"ELIGIBLE\",\"protection_eligibility_type\":\"ITEM_NOT_RECEIVED_ELIGIBLE,UNAUTHORIZED_PAYMENT_ELIGIBLE\",\"transaction_fee\":{\"value\":\"12.75\",\"currency\":\"USD\"},\"parent_payment\":\"PAYID-L7IHBQQ0C35189316836210M\",\"create_time\":\"2020-12-09T06:38:12Z\",\"update_time\":\"2020-12-09T06:38:12Z\",\"links\":[{\"href\":\"https://api.sandbox.paypal.com/v1/payments/sale/00L849468D2228434\",\"rel\":\"self\",\"method\":\"GET\"},{\"href\":\"https://api.sandbox.paypal.com/v1/payments/sale/00L849468D2228434/refund\",\"rel\":\"refund\",\"method\":\"POST\"},{\"href\":\"https://api.sandbox.paypal.com/v1/payments/payment/PAYID-L7IHBQQ0C35189316836210M\",\"rel\":\"parent_payment\",\"method\":\"GET\"}]}}]}],\"create_time\":\"2020-12-09T06:37:54Z\",\"update_time\":\"2020-12-09T06:38:12Z\",\"links\":[{\"href\":\"https://api.sandbox.paypal.com/v1/payments/payment/PAYID-L7IHBQQ0C35189316836210M\",\"rel\":\"self\",\"method\":\"GET\"}]}'),(36,'PAYPAL','{\"id\":\"PAYID-L7IYC5Y4WP71973N16099002\",\"intent\":\"sale\",\"state\":\"approved\",\"cart\":\"8FP26908729377608\",\"payer\":{\"payment_method\":\"paypal\",\"status\":\"VERIFIED\",\"payer_info\":{\"email\":\"sb-tlm4h3948077@personal.example.com\",\"first_name\":\"John\",\"last_name\":\"Doe\",\"payer_id\":\"J8E2MEN7M735U\",\"shipping_address\":{\"recipient_name\":\"John Doe\",\"line1\":\"Free Trade Zone\",\"city\":\"Tegucigalpa\",\"state\":\"Tegucigalpa\",\"postal_code\":\"12345\",\"country_code\":\"HN\"},\"phone\":\"5047814325\",\"country_code\":\"HN\"}},\"transactions\":[{\"amount\":{\"total\":\"1.00\",\"currency\":\"USD\",\"details\":{\"subtotal\":\"1.00\",\"shipping\":\"0.00\",\"insurance\":\"0.00\",\"handling_fee\":\"0.00\",\"shipping_discount\":\"0.00\",\"discount\":\"0.00\"}},\"payee\":{\"merchant_id\":\"CAMTBSFL85D3W\",\"email\":\"sb-ohxbs3912281@business.example.com\"},\"description\":\"Sudagrip\",\"note_to_payee\":\"Orden de Compra\",\"item_list\":{\"items\":[{\"name\":\"Sudagrip\",\"sku\":\"NANI\",\"price\":\"1.00\",\"currency\":\"USD\",\"tax\":\"0.00\",\"quantity\":1}],\"shipping_address\":{\"recipient_name\":\"John Doe\",\"line1\":\"Free Trade Zone\",\"city\":\"Tegucigalpa\",\"state\":\"Tegucigalpa\",\"postal_code\":\"12345\",\"country_code\":\"HN\"}},\"related_resources\":[{\"sale\":{\"id\":\"0TJ69952UU290033X\",\"state\":\"completed\",\"amount\":{\"total\":\"1.00\",\"currency\":\"USD\",\"details\":{\"subtotal\":\"1.00\",\"shipping\":\"0.00\",\"insurance\":\"0.00\",\"handling_fee\":\"0.00\",\"shipping_discount\":\"0.00\",\"discount\":\"0.00\"}},\"payment_mode\":\"INSTANT_TRANSFER\",\"protection_eligibility\":\"ELIGIBLE\",\"protection_eligibility_type\":\"ITEM_NOT_RECEIVED_ELIGIBLE,UNAUTHORIZED_PAYMENT_ELIGIBLE\",\"transaction_fee\":{\"value\":\"0.35\",\"currency\":\"USD\"},\"parent_payment\":\"PAYID-L7IYC5Y4WP71973N16099002\",\"create_time\":\"2020-12-10T02:01:44Z\",\"update_time\":\"2020-12-10T02:01:44Z\",\"links\":[{\"href\":\"https://api.sandbox.paypal.com/v1/payments/sale/0TJ69952UU290033X\",\"rel\":\"self\",\"method\":\"GET\"},{\"href\":\"https://api.sandbox.paypal.com/v1/payments/sale/0TJ69952UU290033X/refund\",\"rel\":\"refund\",\"method\":\"POST\"},{\"href\":\"https://api.sandbox.paypal.com/v1/payments/payment/PAYID-L7IYC5Y4WP71973N16099002\",\"rel\":\"parent_payment\",\"method\":\"GET\"}]}}]}],\"create_time\":\"2020-12-10T02:01:27Z\",\"update_time\":\"2020-12-10T02:01:44Z\",\"links\":[{\"href\":\"https://api.sandbox.paypal.com/v1/payments/payment/PAYID-L7IYC5Y4WP71973N16099002\",\"rel\":\"self\",\"method\":\"GET\"}]}'),(37,'PAYPAL','{\"id\":\"PAYID-L7IYC5Y4WP71973N16099002\",\"intent\":\"sale\",\"state\":\"approved\",\"cart\":\"8FP26908729377608\",\"payer\":{\"payment_method\":\"paypal\",\"status\":\"VERIFIED\",\"payer_info\":{\"email\":\"sb-tlm4h3948077@personal.example.com\",\"first_name\":\"John\",\"last_name\":\"Doe\",\"payer_id\":\"J8E2MEN7M735U\",\"shipping_address\":{\"recipient_name\":\"John Doe\",\"line1\":\"Free Trade Zone\",\"city\":\"Tegucigalpa\",\"state\":\"Tegucigalpa\",\"postal_code\":\"12345\",\"country_code\":\"HN\"},\"phone\":\"5047814325\",\"country_code\":\"HN\"}},\"transactions\":[{\"amount\":{\"total\":\"1.00\",\"currency\":\"USD\",\"details\":{\"subtotal\":\"1.00\",\"shipping\":\"0.00\",\"insurance\":\"0.00\",\"handling_fee\":\"0.00\",\"shipping_discount\":\"0.00\",\"discount\":\"0.00\"}},\"payee\":{\"merchant_id\":\"CAMTBSFL85D3W\",\"email\":\"sb-ohxbs3912281@business.example.com\"},\"description\":\"Sudagrip\",\"note_to_payee\":\"Orden de Compra\",\"item_list\":{\"items\":[{\"name\":\"Sudagrip\",\"sku\":\"NANI\",\"price\":\"1.00\",\"currency\":\"USD\",\"tax\":\"0.00\",\"quantity\":1}],\"shipping_address\":{\"recipient_name\":\"John Doe\",\"line1\":\"Free Trade Zone\",\"city\":\"Tegucigalpa\",\"state\":\"Tegucigalpa\",\"postal_code\":\"12345\",\"country_code\":\"HN\"}},\"related_resources\":[{\"sale\":{\"id\":\"0TJ69952UU290033X\",\"state\":\"completed\",\"amount\":{\"total\":\"1.00\",\"currency\":\"USD\",\"details\":{\"subtotal\":\"1.00\",\"shipping\":\"0.00\",\"insurance\":\"0.00\",\"handling_fee\":\"0.00\",\"shipping_discount\":\"0.00\",\"discount\":\"0.00\"}},\"payment_mode\":\"INSTANT_TRANSFER\",\"protection_eligibility\":\"ELIGIBLE\",\"protection_eligibility_type\":\"ITEM_NOT_RECEIVED_ELIGIBLE,UNAUTHORIZED_PAYMENT_ELIGIBLE\",\"transaction_fee\":{\"value\":\"0.35\",\"currency\":\"USD\"},\"parent_payment\":\"PAYID-L7IYC5Y4WP71973N16099002\",\"create_time\":\"2020-12-10T02:01:44Z\",\"update_time\":\"2020-12-10T02:01:44Z\",\"links\":[{\"href\":\"https://api.sandbox.paypal.com/v1/payments/sale/0TJ69952UU290033X\",\"rel\":\"self\",\"method\":\"GET\"},{\"href\":\"https://api.sandbox.paypal.com/v1/payments/sale/0TJ69952UU290033X/refund\",\"rel\":\"refund\",\"method\":\"POST\"},{\"href\":\"https://api.sandbox.paypal.com/v1/payments/payment/PAYID-L7IYC5Y4WP71973N16099002\",\"rel\":\"parent_payment\",\"method\":\"GET\"}]}}]}],\"create_time\":\"2020-12-10T02:01:27Z\",\"update_time\":\"2020-12-10T02:01:44Z\",\"links\":[{\"href\":\"https://api.sandbox.paypal.com/v1/payments/payment/PAYID-L7IYC5Y4WP71973N16099002\",\"rel\":\"self\",\"method\":\"GET\"}]}'),(38,'PAYPAL','{\"id\":\"PAYID-L7IYC5Y4WP71973N16099002\",\"intent\":\"sale\",\"state\":\"approved\",\"cart\":\"8FP26908729377608\",\"payer\":{\"payment_method\":\"paypal\",\"status\":\"VERIFIED\",\"payer_info\":{\"email\":\"sb-tlm4h3948077@personal.example.com\",\"first_name\":\"John\",\"last_name\":\"Doe\",\"payer_id\":\"J8E2MEN7M735U\",\"shipping_address\":{\"recipient_name\":\"John Doe\",\"line1\":\"Free Trade Zone\",\"city\":\"Tegucigalpa\",\"state\":\"Tegucigalpa\",\"postal_code\":\"12345\",\"country_code\":\"HN\"},\"phone\":\"5047814325\",\"country_code\":\"HN\"}},\"transactions\":[{\"amount\":{\"total\":\"1.00\",\"currency\":\"USD\",\"details\":{\"subtotal\":\"1.00\",\"shipping\":\"0.00\",\"insurance\":\"0.00\",\"handling_fee\":\"0.00\",\"shipping_discount\":\"0.00\",\"discount\":\"0.00\"}},\"payee\":{\"merchant_id\":\"CAMTBSFL85D3W\",\"email\":\"sb-ohxbs3912281@business.example.com\"},\"description\":\"Sudagrip\",\"note_to_payee\":\"Orden de Compra\",\"item_list\":{\"items\":[{\"name\":\"Sudagrip\",\"sku\":\"NANI\",\"price\":\"1.00\",\"currency\":\"USD\",\"tax\":\"0.00\",\"quantity\":1}],\"shipping_address\":{\"recipient_name\":\"John Doe\",\"line1\":\"Free Trade Zone\",\"city\":\"Tegucigalpa\",\"state\":\"Tegucigalpa\",\"postal_code\":\"12345\",\"country_code\":\"HN\"}},\"related_resources\":[{\"sale\":{\"id\":\"0TJ69952UU290033X\",\"state\":\"completed\",\"amount\":{\"total\":\"1.00\",\"currency\":\"USD\",\"details\":{\"subtotal\":\"1.00\",\"shipping\":\"0.00\",\"insurance\":\"0.00\",\"handling_fee\":\"0.00\",\"shipping_discount\":\"0.00\",\"discount\":\"0.00\"}},\"payment_mode\":\"INSTANT_TRANSFER\",\"protection_eligibility\":\"ELIGIBLE\",\"protection_eligibility_type\":\"ITEM_NOT_RECEIVED_ELIGIBLE,UNAUTHORIZED_PAYMENT_ELIGIBLE\",\"transaction_fee\":{\"value\":\"0.35\",\"currency\":\"USD\"},\"parent_payment\":\"PAYID-L7IYC5Y4WP71973N16099002\",\"create_time\":\"2020-12-10T02:01:44Z\",\"update_time\":\"2020-12-10T02:01:44Z\",\"links\":[{\"href\":\"https://api.sandbox.paypal.com/v1/payments/sale/0TJ69952UU290033X\",\"rel\":\"self\",\"method\":\"GET\"},{\"href\":\"https://api.sandbox.paypal.com/v1/payments/sale/0TJ69952UU290033X/refund\",\"rel\":\"refund\",\"method\":\"POST\"},{\"href\":\"https://api.sandbox.paypal.com/v1/payments/payment/PAYID-L7IYC5Y4WP71973N16099002\",\"rel\":\"parent_payment\",\"method\":\"GET\"}]}}]}],\"create_time\":\"2020-12-10T02:01:27Z\",\"update_time\":\"2020-12-10T02:01:44Z\",\"links\":[{\"href\":\"https://api.sandbox.paypal.com/v1/payments/payment/PAYID-L7IYC5Y4WP71973N16099002\",\"rel\":\"self\",\"method\":\"GET\"}]}'),(39,'PAYPAL','{\"id\":\"PAYID-L7IYC5Y4WP71973N16099002\",\"intent\":\"sale\",\"state\":\"approved\",\"cart\":\"8FP26908729377608\",\"payer\":{\"payment_method\":\"paypal\",\"status\":\"VERIFIED\",\"payer_info\":{\"email\":\"sb-tlm4h3948077@personal.example.com\",\"first_name\":\"John\",\"last_name\":\"Doe\",\"payer_id\":\"J8E2MEN7M735U\",\"shipping_address\":{\"recipient_name\":\"John Doe\",\"line1\":\"Free Trade Zone\",\"city\":\"Tegucigalpa\",\"state\":\"Tegucigalpa\",\"postal_code\":\"12345\",\"country_code\":\"HN\"},\"phone\":\"5047814325\",\"country_code\":\"HN\"}},\"transactions\":[{\"amount\":{\"total\":\"1.00\",\"currency\":\"USD\",\"details\":{\"subtotal\":\"1.00\",\"shipping\":\"0.00\",\"insurance\":\"0.00\",\"handling_fee\":\"0.00\",\"shipping_discount\":\"0.00\",\"discount\":\"0.00\"}},\"payee\":{\"merchant_id\":\"CAMTBSFL85D3W\",\"email\":\"sb-ohxbs3912281@business.example.com\"},\"description\":\"Sudagrip\",\"note_to_payee\":\"Orden de Compra\",\"item_list\":{\"items\":[{\"name\":\"Sudagrip\",\"sku\":\"NANI\",\"price\":\"1.00\",\"currency\":\"USD\",\"tax\":\"0.00\",\"quantity\":1}],\"shipping_address\":{\"recipient_name\":\"John Doe\",\"line1\":\"Free Trade Zone\",\"city\":\"Tegucigalpa\",\"state\":\"Tegucigalpa\",\"postal_code\":\"12345\",\"country_code\":\"HN\"}},\"related_resources\":[{\"sale\":{\"id\":\"0TJ69952UU290033X\",\"state\":\"completed\",\"amount\":{\"total\":\"1.00\",\"currency\":\"USD\",\"details\":{\"subtotal\":\"1.00\",\"shipping\":\"0.00\",\"insurance\":\"0.00\",\"handling_fee\":\"0.00\",\"shipping_discount\":\"0.00\",\"discount\":\"0.00\"}},\"payment_mode\":\"INSTANT_TRANSFER\",\"protection_eligibility\":\"ELIGIBLE\",\"protection_eligibility_type\":\"ITEM_NOT_RECEIVED_ELIGIBLE,UNAUTHORIZED_PAYMENT_ELIGIBLE\",\"transaction_fee\":{\"value\":\"0.35\",\"currency\":\"USD\"},\"parent_payment\":\"PAYID-L7IYC5Y4WP71973N16099002\",\"create_time\":\"2020-12-10T02:01:44Z\",\"update_time\":\"2020-12-10T02:01:44Z\",\"links\":[{\"href\":\"https://api.sandbox.paypal.com/v1/payments/sale/0TJ69952UU290033X\",\"rel\":\"self\",\"method\":\"GET\"},{\"href\":\"https://api.sandbox.paypal.com/v1/payments/sale/0TJ69952UU290033X/refund\",\"rel\":\"refund\",\"method\":\"POST\"},{\"href\":\"https://api.sandbox.paypal.com/v1/payments/payment/PAYID-L7IYC5Y4WP71973N16099002\",\"rel\":\"parent_payment\",\"method\":\"GET\"}]}}]}],\"create_time\":\"2020-12-10T02:01:27Z\",\"update_time\":\"2020-12-10T02:01:44Z\",\"links\":[{\"href\":\"https://api.sandbox.paypal.com/v1/payments/payment/PAYID-L7IYC5Y4WP71973N16099002\",\"rel\":\"self\",\"method\":\"GET\"}]}'),(40,'PAYPAL','{\"id\":\"PAYID-L7IYC5Y4WP71973N16099002\",\"intent\":\"sale\",\"state\":\"approved\",\"cart\":\"8FP26908729377608\",\"payer\":{\"payment_method\":\"paypal\",\"status\":\"VERIFIED\",\"payer_info\":{\"email\":\"sb-tlm4h3948077@personal.example.com\",\"first_name\":\"John\",\"last_name\":\"Doe\",\"payer_id\":\"J8E2MEN7M735U\",\"shipping_address\":{\"recipient_name\":\"John Doe\",\"line1\":\"Free Trade Zone\",\"city\":\"Tegucigalpa\",\"state\":\"Tegucigalpa\",\"postal_code\":\"12345\",\"country_code\":\"HN\"},\"phone\":\"5047814325\",\"country_code\":\"HN\"}},\"transactions\":[{\"amount\":{\"total\":\"1.00\",\"currency\":\"USD\",\"details\":{\"subtotal\":\"1.00\",\"shipping\":\"0.00\",\"insurance\":\"0.00\",\"handling_fee\":\"0.00\",\"shipping_discount\":\"0.00\",\"discount\":\"0.00\"}},\"payee\":{\"merchant_id\":\"CAMTBSFL85D3W\",\"email\":\"sb-ohxbs3912281@business.example.com\"},\"description\":\"Sudagrip\",\"note_to_payee\":\"Orden de Compra\",\"item_list\":{\"items\":[{\"name\":\"Sudagrip\",\"sku\":\"NANI\",\"price\":\"1.00\",\"currency\":\"USD\",\"tax\":\"0.00\",\"quantity\":1}],\"shipping_address\":{\"recipient_name\":\"John Doe\",\"line1\":\"Free Trade Zone\",\"city\":\"Tegucigalpa\",\"state\":\"Tegucigalpa\",\"postal_code\":\"12345\",\"country_code\":\"HN\"}},\"related_resources\":[{\"sale\":{\"id\":\"0TJ69952UU290033X\",\"state\":\"completed\",\"amount\":{\"total\":\"1.00\",\"currency\":\"USD\",\"details\":{\"subtotal\":\"1.00\",\"shipping\":\"0.00\",\"insurance\":\"0.00\",\"handling_fee\":\"0.00\",\"shipping_discount\":\"0.00\",\"discount\":\"0.00\"}},\"payment_mode\":\"INSTANT_TRANSFER\",\"protection_eligibility\":\"ELIGIBLE\",\"protection_eligibility_type\":\"ITEM_NOT_RECEIVED_ELIGIBLE,UNAUTHORIZED_PAYMENT_ELIGIBLE\",\"transaction_fee\":{\"value\":\"0.35\",\"currency\":\"USD\"},\"parent_payment\":\"PAYID-L7IYC5Y4WP71973N16099002\",\"create_time\":\"2020-12-10T02:01:44Z\",\"update_time\":\"2020-12-10T02:01:44Z\",\"links\":[{\"href\":\"https://api.sandbox.paypal.com/v1/payments/sale/0TJ69952UU290033X\",\"rel\":\"self\",\"method\":\"GET\"},{\"href\":\"https://api.sandbox.paypal.com/v1/payments/sale/0TJ69952UU290033X/refund\",\"rel\":\"refund\",\"method\":\"POST\"},{\"href\":\"https://api.sandbox.paypal.com/v1/payments/payment/PAYID-L7IYC5Y4WP71973N16099002\",\"rel\":\"parent_payment\",\"method\":\"GET\"}]}}]}],\"create_time\":\"2020-12-10T02:01:27Z\",\"update_time\":\"2020-12-10T02:01:44Z\",\"links\":[{\"href\":\"https://api.sandbox.paypal.com/v1/payments/payment/PAYID-L7IYC5Y4WP71973N16099002\",\"rel\":\"self\",\"method\":\"GET\"}]}'),(41,'PAYPAL','{\"id\":\"PAYID-L7IYC5Y4WP71973N16099002\",\"intent\":\"sale\",\"state\":\"approved\",\"cart\":\"8FP26908729377608\",\"payer\":{\"payment_method\":\"paypal\",\"status\":\"VERIFIED\",\"payer_info\":{\"email\":\"sb-tlm4h3948077@personal.example.com\",\"first_name\":\"John\",\"last_name\":\"Doe\",\"payer_id\":\"J8E2MEN7M735U\",\"shipping_address\":{\"recipient_name\":\"John Doe\",\"line1\":\"Free Trade Zone\",\"city\":\"Tegucigalpa\",\"state\":\"Tegucigalpa\",\"postal_code\":\"12345\",\"country_code\":\"HN\"},\"phone\":\"5047814325\",\"country_code\":\"HN\"}},\"transactions\":[{\"amount\":{\"total\":\"1.00\",\"currency\":\"USD\",\"details\":{\"subtotal\":\"1.00\",\"shipping\":\"0.00\",\"insurance\":\"0.00\",\"handling_fee\":\"0.00\",\"shipping_discount\":\"0.00\",\"discount\":\"0.00\"}},\"payee\":{\"merchant_id\":\"CAMTBSFL85D3W\",\"email\":\"sb-ohxbs3912281@business.example.com\"},\"description\":\"Sudagrip\",\"note_to_payee\":\"Orden de Compra\",\"item_list\":{\"items\":[{\"name\":\"Sudagrip\",\"sku\":\"NANI\",\"price\":\"1.00\",\"currency\":\"USD\",\"tax\":\"0.00\",\"quantity\":1}],\"shipping_address\":{\"recipient_name\":\"John Doe\",\"line1\":\"Free Trade Zone\",\"city\":\"Tegucigalpa\",\"state\":\"Tegucigalpa\",\"postal_code\":\"12345\",\"country_code\":\"HN\"}},\"related_resources\":[{\"sale\":{\"id\":\"0TJ69952UU290033X\",\"state\":\"completed\",\"amount\":{\"total\":\"1.00\",\"currency\":\"USD\",\"details\":{\"subtotal\":\"1.00\",\"shipping\":\"0.00\",\"insurance\":\"0.00\",\"handling_fee\":\"0.00\",\"shipping_discount\":\"0.00\",\"discount\":\"0.00\"}},\"payment_mode\":\"INSTANT_TRANSFER\",\"protection_eligibility\":\"ELIGIBLE\",\"protection_eligibility_type\":\"ITEM_NOT_RECEIVED_ELIGIBLE,UNAUTHORIZED_PAYMENT_ELIGIBLE\",\"transaction_fee\":{\"value\":\"0.35\",\"currency\":\"USD\"},\"parent_payment\":\"PAYID-L7IYC5Y4WP71973N16099002\",\"create_time\":\"2020-12-10T02:01:44Z\",\"update_time\":\"2020-12-10T02:01:44Z\",\"links\":[{\"href\":\"https://api.sandbox.paypal.com/v1/payments/sale/0TJ69952UU290033X\",\"rel\":\"self\",\"method\":\"GET\"},{\"href\":\"https://api.sandbox.paypal.com/v1/payments/sale/0TJ69952UU290033X/refund\",\"rel\":\"refund\",\"method\":\"POST\"},{\"href\":\"https://api.sandbox.paypal.com/v1/payments/payment/PAYID-L7IYC5Y4WP71973N16099002\",\"rel\":\"parent_payment\",\"method\":\"GET\"}]}}]}],\"create_time\":\"2020-12-10T02:01:27Z\",\"update_time\":\"2020-12-10T02:01:44Z\",\"links\":[{\"href\":\"https://api.sandbox.paypal.com/v1/payments/payment/PAYID-L7IYC5Y4WP71973N16099002\",\"rel\":\"self\",\"method\":\"GET\"}]}'),(42,'PAYPAL','{\"id\":\"PAYID-L7IYC5Y4WP71973N16099002\",\"intent\":\"sale\",\"state\":\"approved\",\"cart\":\"8FP26908729377608\",\"payer\":{\"payment_method\":\"paypal\",\"status\":\"VERIFIED\",\"payer_info\":{\"email\":\"sb-tlm4h3948077@personal.example.com\",\"first_name\":\"John\",\"last_name\":\"Doe\",\"payer_id\":\"J8E2MEN7M735U\",\"shipping_address\":{\"recipient_name\":\"John Doe\",\"line1\":\"Free Trade Zone\",\"city\":\"Tegucigalpa\",\"state\":\"Tegucigalpa\",\"postal_code\":\"12345\",\"country_code\":\"HN\"},\"phone\":\"5047814325\",\"country_code\":\"HN\"}},\"transactions\":[{\"amount\":{\"total\":\"1.00\",\"currency\":\"USD\",\"details\":{\"subtotal\":\"1.00\",\"shipping\":\"0.00\",\"insurance\":\"0.00\",\"handling_fee\":\"0.00\",\"shipping_discount\":\"0.00\",\"discount\":\"0.00\"}},\"payee\":{\"merchant_id\":\"CAMTBSFL85D3W\",\"email\":\"sb-ohxbs3912281@business.example.com\"},\"description\":\"Sudagrip\",\"note_to_payee\":\"Orden de Compra\",\"item_list\":{\"items\":[{\"name\":\"Sudagrip\",\"sku\":\"NANI\",\"price\":\"1.00\",\"currency\":\"USD\",\"tax\":\"0.00\",\"quantity\":1}],\"shipping_address\":{\"recipient_name\":\"John Doe\",\"line1\":\"Free Trade Zone\",\"city\":\"Tegucigalpa\",\"state\":\"Tegucigalpa\",\"postal_code\":\"12345\",\"country_code\":\"HN\"}},\"related_resources\":[{\"sale\":{\"id\":\"0TJ69952UU290033X\",\"state\":\"completed\",\"amount\":{\"total\":\"1.00\",\"currency\":\"USD\",\"details\":{\"subtotal\":\"1.00\",\"shipping\":\"0.00\",\"insurance\":\"0.00\",\"handling_fee\":\"0.00\",\"shipping_discount\":\"0.00\",\"discount\":\"0.00\"}},\"payment_mode\":\"INSTANT_TRANSFER\",\"protection_eligibility\":\"ELIGIBLE\",\"protection_eligibility_type\":\"ITEM_NOT_RECEIVED_ELIGIBLE,UNAUTHORIZED_PAYMENT_ELIGIBLE\",\"transaction_fee\":{\"value\":\"0.35\",\"currency\":\"USD\"},\"parent_payment\":\"PAYID-L7IYC5Y4WP71973N16099002\",\"create_time\":\"2020-12-10T02:01:44Z\",\"update_time\":\"2020-12-10T02:01:44Z\",\"links\":[{\"href\":\"https://api.sandbox.paypal.com/v1/payments/sale/0TJ69952UU290033X\",\"rel\":\"self\",\"method\":\"GET\"},{\"href\":\"https://api.sandbox.paypal.com/v1/payments/sale/0TJ69952UU290033X/refund\",\"rel\":\"refund\",\"method\":\"POST\"},{\"href\":\"https://api.sandbox.paypal.com/v1/payments/payment/PAYID-L7IYC5Y4WP71973N16099002\",\"rel\":\"parent_payment\",\"method\":\"GET\"}]}}]}],\"create_time\":\"2020-12-10T02:01:27Z\",\"update_time\":\"2020-12-10T02:01:44Z\",\"links\":[{\"href\":\"https://api.sandbox.paypal.com/v1/payments/payment/PAYID-L7IYC5Y4WP71973N16099002\",\"rel\":\"self\",\"method\":\"GET\"}]}'),(43,'PAYPAL','{\"id\":\"PAYID-L7IYC5Y4WP71973N16099002\",\"intent\":\"sale\",\"state\":\"approved\",\"cart\":\"8FP26908729377608\",\"payer\":{\"payment_method\":\"paypal\",\"status\":\"VERIFIED\",\"payer_info\":{\"email\":\"sb-tlm4h3948077@personal.example.com\",\"first_name\":\"John\",\"last_name\":\"Doe\",\"payer_id\":\"J8E2MEN7M735U\",\"shipping_address\":{\"recipient_name\":\"John Doe\",\"line1\":\"Free Trade Zone\",\"city\":\"Tegucigalpa\",\"state\":\"Tegucigalpa\",\"postal_code\":\"12345\",\"country_code\":\"HN\"},\"phone\":\"5047814325\",\"country_code\":\"HN\"}},\"transactions\":[{\"amount\":{\"total\":\"1.00\",\"currency\":\"USD\",\"details\":{\"subtotal\":\"1.00\",\"shipping\":\"0.00\",\"insurance\":\"0.00\",\"handling_fee\":\"0.00\",\"shipping_discount\":\"0.00\",\"discount\":\"0.00\"}},\"payee\":{\"merchant_id\":\"CAMTBSFL85D3W\",\"email\":\"sb-ohxbs3912281@business.example.com\"},\"description\":\"Sudagrip\",\"note_to_payee\":\"Orden de Compra\",\"item_list\":{\"items\":[{\"name\":\"Sudagrip\",\"sku\":\"NANI\",\"price\":\"1.00\",\"currency\":\"USD\",\"tax\":\"0.00\",\"quantity\":1}],\"shipping_address\":{\"recipient_name\":\"John Doe\",\"line1\":\"Free Trade Zone\",\"city\":\"Tegucigalpa\",\"state\":\"Tegucigalpa\",\"postal_code\":\"12345\",\"country_code\":\"HN\"}},\"related_resources\":[{\"sale\":{\"id\":\"0TJ69952UU290033X\",\"state\":\"completed\",\"amount\":{\"total\":\"1.00\",\"currency\":\"USD\",\"details\":{\"subtotal\":\"1.00\",\"shipping\":\"0.00\",\"insurance\":\"0.00\",\"handling_fee\":\"0.00\",\"shipping_discount\":\"0.00\",\"discount\":\"0.00\"}},\"payment_mode\":\"INSTANT_TRANSFER\",\"protection_eligibility\":\"ELIGIBLE\",\"protection_eligibility_type\":\"ITEM_NOT_RECEIVED_ELIGIBLE,UNAUTHORIZED_PAYMENT_ELIGIBLE\",\"transaction_fee\":{\"value\":\"0.35\",\"currency\":\"USD\"},\"parent_payment\":\"PAYID-L7IYC5Y4WP71973N16099002\",\"create_time\":\"2020-12-10T02:01:44Z\",\"update_time\":\"2020-12-10T02:01:44Z\",\"links\":[{\"href\":\"https://api.sandbox.paypal.com/v1/payments/sale/0TJ69952UU290033X\",\"rel\":\"self\",\"method\":\"GET\"},{\"href\":\"https://api.sandbox.paypal.com/v1/payments/sale/0TJ69952UU290033X/refund\",\"rel\":\"refund\",\"method\":\"POST\"},{\"href\":\"https://api.sandbox.paypal.com/v1/payments/payment/PAYID-L7IYC5Y4WP71973N16099002\",\"rel\":\"parent_payment\",\"method\":\"GET\"}]}}]}],\"create_time\":\"2020-12-10T02:01:27Z\",\"update_time\":\"2020-12-10T02:01:44Z\",\"links\":[{\"href\":\"https://api.sandbox.paypal.com/v1/payments/payment/PAYID-L7IYC5Y4WP71973N16099002\",\"rel\":\"self\",\"method\":\"GET\"}]}'),(44,'PAYPAL','{\"id\":\"PAYID-L7IYC5Y4WP71973N16099002\",\"intent\":\"sale\",\"state\":\"approved\",\"cart\":\"8FP26908729377608\",\"payer\":{\"payment_method\":\"paypal\",\"status\":\"VERIFIED\",\"payer_info\":{\"email\":\"sb-tlm4h3948077@personal.example.com\",\"first_name\":\"John\",\"last_name\":\"Doe\",\"payer_id\":\"J8E2MEN7M735U\",\"shipping_address\":{\"recipient_name\":\"John Doe\",\"line1\":\"Free Trade Zone\",\"city\":\"Tegucigalpa\",\"state\":\"Tegucigalpa\",\"postal_code\":\"12345\",\"country_code\":\"HN\"},\"phone\":\"5047814325\",\"country_code\":\"HN\"}},\"transactions\":[{\"amount\":{\"total\":\"1.00\",\"currency\":\"USD\",\"details\":{\"subtotal\":\"1.00\",\"shipping\":\"0.00\",\"insurance\":\"0.00\",\"handling_fee\":\"0.00\",\"shipping_discount\":\"0.00\",\"discount\":\"0.00\"}},\"payee\":{\"merchant_id\":\"CAMTBSFL85D3W\",\"email\":\"sb-ohxbs3912281@business.example.com\"},\"description\":\"Sudagrip\",\"note_to_payee\":\"Orden de Compra\",\"item_list\":{\"items\":[{\"name\":\"Sudagrip\",\"sku\":\"NANI\",\"price\":\"1.00\",\"currency\":\"USD\",\"tax\":\"0.00\",\"quantity\":1}],\"shipping_address\":{\"recipient_name\":\"John Doe\",\"line1\":\"Free Trade Zone\",\"city\":\"Tegucigalpa\",\"state\":\"Tegucigalpa\",\"postal_code\":\"12345\",\"country_code\":\"HN\"}},\"related_resources\":[{\"sale\":{\"id\":\"0TJ69952UU290033X\",\"state\":\"completed\",\"amount\":{\"total\":\"1.00\",\"currency\":\"USD\",\"details\":{\"subtotal\":\"1.00\",\"shipping\":\"0.00\",\"insurance\":\"0.00\",\"handling_fee\":\"0.00\",\"shipping_discount\":\"0.00\",\"discount\":\"0.00\"}},\"payment_mode\":\"INSTANT_TRANSFER\",\"protection_eligibility\":\"ELIGIBLE\",\"protection_eligibility_type\":\"ITEM_NOT_RECEIVED_ELIGIBLE,UNAUTHORIZED_PAYMENT_ELIGIBLE\",\"transaction_fee\":{\"value\":\"0.35\",\"currency\":\"USD\"},\"parent_payment\":\"PAYID-L7IYC5Y4WP71973N16099002\",\"create_time\":\"2020-12-10T02:01:44Z\",\"update_time\":\"2020-12-10T02:01:44Z\",\"links\":[{\"href\":\"https://api.sandbox.paypal.com/v1/payments/sale/0TJ69952UU290033X\",\"rel\":\"self\",\"method\":\"GET\"},{\"href\":\"https://api.sandbox.paypal.com/v1/payments/sale/0TJ69952UU290033X/refund\",\"rel\":\"refund\",\"method\":\"POST\"},{\"href\":\"https://api.sandbox.paypal.com/v1/payments/payment/PAYID-L7IYC5Y4WP71973N16099002\",\"rel\":\"parent_payment\",\"method\":\"GET\"}]}}]}],\"create_time\":\"2020-12-10T02:01:27Z\",\"update_time\":\"2020-12-10T02:01:44Z\",\"links\":[{\"href\":\"https://api.sandbox.paypal.com/v1/payments/payment/PAYID-L7IYC5Y4WP71973N16099002\",\"rel\":\"self\",\"method\":\"GET\"}]}'),(45,'PAYPAL','{\"id\":\"PAYID-L7IYC5Y4WP71973N16099002\",\"intent\":\"sale\",\"state\":\"approved\",\"cart\":\"8FP26908729377608\",\"payer\":{\"payment_method\":\"paypal\",\"status\":\"VERIFIED\",\"payer_info\":{\"email\":\"sb-tlm4h3948077@personal.example.com\",\"first_name\":\"John\",\"last_name\":\"Doe\",\"payer_id\":\"J8E2MEN7M735U\",\"shipping_address\":{\"recipient_name\":\"John Doe\",\"line1\":\"Free Trade Zone\",\"city\":\"Tegucigalpa\",\"state\":\"Tegucigalpa\",\"postal_code\":\"12345\",\"country_code\":\"HN\"},\"phone\":\"5047814325\",\"country_code\":\"HN\"}},\"transactions\":[{\"amount\":{\"total\":\"1.00\",\"currency\":\"USD\",\"details\":{\"subtotal\":\"1.00\",\"shipping\":\"0.00\",\"insurance\":\"0.00\",\"handling_fee\":\"0.00\",\"shipping_discount\":\"0.00\",\"discount\":\"0.00\"}},\"payee\":{\"merchant_id\":\"CAMTBSFL85D3W\",\"email\":\"sb-ohxbs3912281@business.example.com\"},\"description\":\"Sudagrip\",\"note_to_payee\":\"Orden de Compra\",\"item_list\":{\"items\":[{\"name\":\"Sudagrip\",\"sku\":\"NANI\",\"price\":\"1.00\",\"currency\":\"USD\",\"tax\":\"0.00\",\"quantity\":1}],\"shipping_address\":{\"recipient_name\":\"John Doe\",\"line1\":\"Free Trade Zone\",\"city\":\"Tegucigalpa\",\"state\":\"Tegucigalpa\",\"postal_code\":\"12345\",\"country_code\":\"HN\"}},\"related_resources\":[{\"sale\":{\"id\":\"0TJ69952UU290033X\",\"state\":\"completed\",\"amount\":{\"total\":\"1.00\",\"currency\":\"USD\",\"details\":{\"subtotal\":\"1.00\",\"shipping\":\"0.00\",\"insurance\":\"0.00\",\"handling_fee\":\"0.00\",\"shipping_discount\":\"0.00\",\"discount\":\"0.00\"}},\"payment_mode\":\"INSTANT_TRANSFER\",\"protection_eligibility\":\"ELIGIBLE\",\"protection_eligibility_type\":\"ITEM_NOT_RECEIVED_ELIGIBLE,UNAUTHORIZED_PAYMENT_ELIGIBLE\",\"transaction_fee\":{\"value\":\"0.35\",\"currency\":\"USD\"},\"parent_payment\":\"PAYID-L7IYC5Y4WP71973N16099002\",\"create_time\":\"2020-12-10T02:01:44Z\",\"update_time\":\"2020-12-10T02:01:44Z\",\"links\":[{\"href\":\"https://api.sandbox.paypal.com/v1/payments/sale/0TJ69952UU290033X\",\"rel\":\"self\",\"method\":\"GET\"},{\"href\":\"https://api.sandbox.paypal.com/v1/payments/sale/0TJ69952UU290033X/refund\",\"rel\":\"refund\",\"method\":\"POST\"},{\"href\":\"https://api.sandbox.paypal.com/v1/payments/payment/PAYID-L7IYC5Y4WP71973N16099002\",\"rel\":\"parent_payment\",\"method\":\"GET\"}]}}]}],\"create_time\":\"2020-12-10T02:01:27Z\",\"update_time\":\"2020-12-10T02:01:44Z\",\"links\":[{\"href\":\"https://api.sandbox.paypal.com/v1/payments/payment/PAYID-L7IYC5Y4WP71973N16099002\",\"rel\":\"self\",\"method\":\"GET\"}]}'),(46,'PAYPAL','{\"id\":\"PAYID-L7I26MY14354113XJ0919034\",\"intent\":\"sale\",\"state\":\"approved\",\"cart\":\"2AC2510973610293S\",\"payer\":{\"payment_method\":\"paypal\",\"status\":\"VERIFIED\",\"payer_info\":{\"email\":\"sb-tlm4h3948077@personal.example.com\",\"first_name\":\"John\",\"last_name\":\"Doe\",\"payer_id\":\"J8E2MEN7M735U\",\"shipping_address\":{\"recipient_name\":\"John Doe\",\"line1\":\"Free Trade Zone\",\"city\":\"Tegucigalpa\",\"state\":\"Tegucigalpa\",\"postal_code\":\"12345\",\"country_code\":\"HN\"},\"phone\":\"5047814325\",\"country_code\":\"HN\"}},\"transactions\":[{\"amount\":{\"total\":\"1.00\",\"currency\":\"USD\",\"details\":{\"subtotal\":\"1.00\",\"shipping\":\"0.00\",\"insurance\":\"0.00\",\"handling_fee\":\"0.00\",\"shipping_discount\":\"0.00\",\"discount\":\"0.00\"}},\"payee\":{\"merchant_id\":\"CAMTBSFL85D3W\",\"email\":\"sb-ohxbs3912281@business.example.com\"},\"description\":\"Sudagrip\",\"note_to_payee\":\"Orden de Compra\",\"item_list\":{\"items\":[{\"name\":\"Sudagrip\",\"sku\":\"NANI\",\"price\":\"1.00\",\"currency\":\"USD\",\"tax\":\"0.00\",\"quantity\":1}],\"shipping_address\":{\"recipient_name\":\"John Doe\",\"line1\":\"Free Trade Zone\",\"city\":\"Tegucigalpa\",\"state\":\"Tegucigalpa\",\"postal_code\":\"12345\",\"country_code\":\"HN\"}},\"related_resources\":[{\"sale\":{\"id\":\"9BH94821JF766710L\",\"state\":\"completed\",\"amount\":{\"total\":\"1.00\",\"currency\":\"USD\",\"details\":{\"subtotal\":\"1.00\",\"shipping\":\"0.00\",\"insurance\":\"0.00\",\"handling_fee\":\"0.00\",\"shipping_discount\":\"0.00\",\"discount\":\"0.00\"}},\"payment_mode\":\"INSTANT_TRANSFER\",\"protection_eligibility\":\"ELIGIBLE\",\"protection_eligibility_type\":\"ITEM_NOT_RECEIVED_ELIGIBLE,UNAUTHORIZED_PAYMENT_ELIGIBLE\",\"transaction_fee\":{\"value\":\"0.35\",\"currency\":\"USD\"},\"parent_payment\":\"PAYID-L7I26MY14354113XJ0919034\",\"create_time\":\"2020-12-10T05:16:53Z\",\"update_time\":\"2020-12-10T05:16:53Z\",\"links\":[{\"href\":\"https://api.sandbox.paypal.com/v1/payments/sale/9BH94821JF766710L\",\"rel\":\"self\",\"method\":\"GET\"},{\"href\":\"https://api.sandbox.paypal.com/v1/payments/sale/9BH94821JF766710L/refund\",\"rel\":\"refund\",\"method\":\"POST\"},{\"href\":\"https://api.sandbox.paypal.com/v1/payments/payment/PAYID-L7I26MY14354113XJ0919034\",\"rel\":\"parent_payment\",\"method\":\"GET\"}]}}]}],\"create_time\":\"2020-12-10T05:16:35Z\",\"update_time\":\"2020-12-10T05:16:53Z\",\"links\":[{\"href\":\"https://api.sandbox.paypal.com/v1/payments/payment/PAYID-L7I26MY14354113XJ0919034\",\"rel\":\"self\",\"method\":\"GET\"}]}'),(47,'PAYPAL','{\"id\":\"PAYID-L7I26MY14354113XJ0919034\",\"intent\":\"sale\",\"state\":\"approved\",\"cart\":\"2AC2510973610293S\",\"payer\":{\"payment_method\":\"paypal\",\"status\":\"VERIFIED\",\"payer_info\":{\"email\":\"sb-tlm4h3948077@personal.example.com\",\"first_name\":\"John\",\"last_name\":\"Doe\",\"payer_id\":\"J8E2MEN7M735U\",\"shipping_address\":{\"recipient_name\":\"John Doe\",\"line1\":\"Free Trade Zone\",\"city\":\"Tegucigalpa\",\"state\":\"Tegucigalpa\",\"postal_code\":\"12345\",\"country_code\":\"HN\"},\"phone\":\"5047814325\",\"country_code\":\"HN\"}},\"transactions\":[{\"amount\":{\"total\":\"1.00\",\"currency\":\"USD\",\"details\":{\"subtotal\":\"1.00\",\"shipping\":\"0.00\",\"insurance\":\"0.00\",\"handling_fee\":\"0.00\",\"shipping_discount\":\"0.00\",\"discount\":\"0.00\"}},\"payee\":{\"merchant_id\":\"CAMTBSFL85D3W\",\"email\":\"sb-ohxbs3912281@business.example.com\"},\"description\":\"Sudagrip\",\"note_to_payee\":\"Orden de Compra\",\"item_list\":{\"items\":[{\"name\":\"Sudagrip\",\"sku\":\"NANI\",\"price\":\"1.00\",\"currency\":\"USD\",\"tax\":\"0.00\",\"quantity\":1}],\"shipping_address\":{\"recipient_name\":\"John Doe\",\"line1\":\"Free Trade Zone\",\"city\":\"Tegucigalpa\",\"state\":\"Tegucigalpa\",\"postal_code\":\"12345\",\"country_code\":\"HN\"}},\"related_resources\":[{\"sale\":{\"id\":\"9BH94821JF766710L\",\"state\":\"completed\",\"amount\":{\"total\":\"1.00\",\"currency\":\"USD\",\"details\":{\"subtotal\":\"1.00\",\"shipping\":\"0.00\",\"insurance\":\"0.00\",\"handling_fee\":\"0.00\",\"shipping_discount\":\"0.00\",\"discount\":\"0.00\"}},\"payment_mode\":\"INSTANT_TRANSFER\",\"protection_eligibility\":\"ELIGIBLE\",\"protection_eligibility_type\":\"ITEM_NOT_RECEIVED_ELIGIBLE,UNAUTHORIZED_PAYMENT_ELIGIBLE\",\"transaction_fee\":{\"value\":\"0.35\",\"currency\":\"USD\"},\"parent_payment\":\"PAYID-L7I26MY14354113XJ0919034\",\"create_time\":\"2020-12-10T05:16:53Z\",\"update_time\":\"2020-12-10T05:16:53Z\",\"links\":[{\"href\":\"https://api.sandbox.paypal.com/v1/payments/sale/9BH94821JF766710L\",\"rel\":\"self\",\"method\":\"GET\"},{\"href\":\"https://api.sandbox.paypal.com/v1/payments/sale/9BH94821JF766710L/refund\",\"rel\":\"refund\",\"method\":\"POST\"},{\"href\":\"https://api.sandbox.paypal.com/v1/payments/payment/PAYID-L7I26MY14354113XJ0919034\",\"rel\":\"parent_payment\",\"method\":\"GET\"}]}}]}],\"create_time\":\"2020-12-10T05:16:35Z\",\"update_time\":\"2020-12-10T05:16:53Z\",\"links\":[{\"href\":\"https://api.sandbox.paypal.com/v1/payments/payment/PAYID-L7I26MY14354113XJ0919034\",\"rel\":\"self\",\"method\":\"GET\"}]}'),(48,'PAYPAL','{\"id\":\"PAYID-L7I26MY14354113XJ0919034\",\"intent\":\"sale\",\"state\":\"approved\",\"cart\":\"2AC2510973610293S\",\"payer\":{\"payment_method\":\"paypal\",\"status\":\"VERIFIED\",\"payer_info\":{\"email\":\"sb-tlm4h3948077@personal.example.com\",\"first_name\":\"John\",\"last_name\":\"Doe\",\"payer_id\":\"J8E2MEN7M735U\",\"shipping_address\":{\"recipient_name\":\"John Doe\",\"line1\":\"Free Trade Zone\",\"city\":\"Tegucigalpa\",\"state\":\"Tegucigalpa\",\"postal_code\":\"12345\",\"country_code\":\"HN\"},\"phone\":\"5047814325\",\"country_code\":\"HN\"}},\"transactions\":[{\"amount\":{\"total\":\"1.00\",\"currency\":\"USD\",\"details\":{\"subtotal\":\"1.00\",\"shipping\":\"0.00\",\"insurance\":\"0.00\",\"handling_fee\":\"0.00\",\"shipping_discount\":\"0.00\",\"discount\":\"0.00\"}},\"payee\":{\"merchant_id\":\"CAMTBSFL85D3W\",\"email\":\"sb-ohxbs3912281@business.example.com\"},\"description\":\"Sudagrip\",\"note_to_payee\":\"Orden de Compra\",\"item_list\":{\"items\":[{\"name\":\"Sudagrip\",\"sku\":\"NANI\",\"price\":\"1.00\",\"currency\":\"USD\",\"tax\":\"0.00\",\"quantity\":1}],\"shipping_address\":{\"recipient_name\":\"John Doe\",\"line1\":\"Free Trade Zone\",\"city\":\"Tegucigalpa\",\"state\":\"Tegucigalpa\",\"postal_code\":\"12345\",\"country_code\":\"HN\"}},\"related_resources\":[{\"sale\":{\"id\":\"9BH94821JF766710L\",\"state\":\"completed\",\"amount\":{\"total\":\"1.00\",\"currency\":\"USD\",\"details\":{\"subtotal\":\"1.00\",\"shipping\":\"0.00\",\"insurance\":\"0.00\",\"handling_fee\":\"0.00\",\"shipping_discount\":\"0.00\",\"discount\":\"0.00\"}},\"payment_mode\":\"INSTANT_TRANSFER\",\"protection_eligibility\":\"ELIGIBLE\",\"protection_eligibility_type\":\"ITEM_NOT_RECEIVED_ELIGIBLE,UNAUTHORIZED_PAYMENT_ELIGIBLE\",\"transaction_fee\":{\"value\":\"0.35\",\"currency\":\"USD\"},\"parent_payment\":\"PAYID-L7I26MY14354113XJ0919034\",\"create_time\":\"2020-12-10T05:16:53Z\",\"update_time\":\"2020-12-10T05:16:53Z\",\"links\":[{\"href\":\"https://api.sandbox.paypal.com/v1/payments/sale/9BH94821JF766710L\",\"rel\":\"self\",\"method\":\"GET\"},{\"href\":\"https://api.sandbox.paypal.com/v1/payments/sale/9BH94821JF766710L/refund\",\"rel\":\"refund\",\"method\":\"POST\"},{\"href\":\"https://api.sandbox.paypal.com/v1/payments/payment/PAYID-L7I26MY14354113XJ0919034\",\"rel\":\"parent_payment\",\"method\":\"GET\"}]}}]}],\"create_time\":\"2020-12-10T05:16:35Z\",\"update_time\":\"2020-12-10T05:16:53Z\",\"links\":[{\"href\":\"https://api.sandbox.paypal.com/v1/payments/payment/PAYID-L7I26MY14354113XJ0919034\",\"rel\":\"self\",\"method\":\"GET\"}]}'),(49,'PAYPAL','{\"id\":\"PAYID-L7I26MY14354113XJ0919034\",\"intent\":\"sale\",\"state\":\"approved\",\"cart\":\"2AC2510973610293S\",\"payer\":{\"payment_method\":\"paypal\",\"status\":\"VERIFIED\",\"payer_info\":{\"email\":\"sb-tlm4h3948077@personal.example.com\",\"first_name\":\"John\",\"last_name\":\"Doe\",\"payer_id\":\"J8E2MEN7M735U\",\"shipping_address\":{\"recipient_name\":\"John Doe\",\"line1\":\"Free Trade Zone\",\"city\":\"Tegucigalpa\",\"state\":\"Tegucigalpa\",\"postal_code\":\"12345\",\"country_code\":\"HN\"},\"phone\":\"5047814325\",\"country_code\":\"HN\"}},\"transactions\":[{\"amount\":{\"total\":\"1.00\",\"currency\":\"USD\",\"details\":{\"subtotal\":\"1.00\",\"shipping\":\"0.00\",\"insurance\":\"0.00\",\"handling_fee\":\"0.00\",\"shipping_discount\":\"0.00\",\"discount\":\"0.00\"}},\"payee\":{\"merchant_id\":\"CAMTBSFL85D3W\",\"email\":\"sb-ohxbs3912281@business.example.com\"},\"description\":\"Sudagrip\",\"note_to_payee\":\"Orden de Compra\",\"item_list\":{\"items\":[{\"name\":\"Sudagrip\",\"sku\":\"NANI\",\"price\":\"1.00\",\"currency\":\"USD\",\"tax\":\"0.00\",\"quantity\":1}],\"shipping_address\":{\"recipient_name\":\"John Doe\",\"line1\":\"Free Trade Zone\",\"city\":\"Tegucigalpa\",\"state\":\"Tegucigalpa\",\"postal_code\":\"12345\",\"country_code\":\"HN\"}},\"related_resources\":[{\"sale\":{\"id\":\"9BH94821JF766710L\",\"state\":\"completed\",\"amount\":{\"total\":\"1.00\",\"currency\":\"USD\",\"details\":{\"subtotal\":\"1.00\",\"shipping\":\"0.00\",\"insurance\":\"0.00\",\"handling_fee\":\"0.00\",\"shipping_discount\":\"0.00\",\"discount\":\"0.00\"}},\"payment_mode\":\"INSTANT_TRANSFER\",\"protection_eligibility\":\"ELIGIBLE\",\"protection_eligibility_type\":\"ITEM_NOT_RECEIVED_ELIGIBLE,UNAUTHORIZED_PAYMENT_ELIGIBLE\",\"transaction_fee\":{\"value\":\"0.35\",\"currency\":\"USD\"},\"parent_payment\":\"PAYID-L7I26MY14354113XJ0919034\",\"create_time\":\"2020-12-10T05:16:53Z\",\"update_time\":\"2020-12-10T05:16:53Z\",\"links\":[{\"href\":\"https://api.sandbox.paypal.com/v1/payments/sale/9BH94821JF766710L\",\"rel\":\"self\",\"method\":\"GET\"},{\"href\":\"https://api.sandbox.paypal.com/v1/payments/sale/9BH94821JF766710L/refund\",\"rel\":\"refund\",\"method\":\"POST\"},{\"href\":\"https://api.sandbox.paypal.com/v1/payments/payment/PAYID-L7I26MY14354113XJ0919034\",\"rel\":\"parent_payment\",\"method\":\"GET\"}]}}]}],\"create_time\":\"2020-12-10T05:16:35Z\",\"update_time\":\"2020-12-10T05:16:53Z\",\"links\":[{\"href\":\"https://api.sandbox.paypal.com/v1/payments/payment/PAYID-L7I26MY14354113XJ0919034\",\"rel\":\"self\",\"method\":\"GET\"}]}'),(50,'PAYPAL','{\"id\":\"PAYID-L7I26MY14354113XJ0919034\",\"intent\":\"sale\",\"state\":\"approved\",\"cart\":\"2AC2510973610293S\",\"payer\":{\"payment_method\":\"paypal\",\"status\":\"VERIFIED\",\"payer_info\":{\"email\":\"sb-tlm4h3948077@personal.example.com\",\"first_name\":\"John\",\"last_name\":\"Doe\",\"payer_id\":\"J8E2MEN7M735U\",\"shipping_address\":{\"recipient_name\":\"John Doe\",\"line1\":\"Free Trade Zone\",\"city\":\"Tegucigalpa\",\"state\":\"Tegucigalpa\",\"postal_code\":\"12345\",\"country_code\":\"HN\"},\"phone\":\"5047814325\",\"country_code\":\"HN\"}},\"transactions\":[{\"amount\":{\"total\":\"1.00\",\"currency\":\"USD\",\"details\":{\"subtotal\":\"1.00\",\"shipping\":\"0.00\",\"insurance\":\"0.00\",\"handling_fee\":\"0.00\",\"shipping_discount\":\"0.00\",\"discount\":\"0.00\"}},\"payee\":{\"merchant_id\":\"CAMTBSFL85D3W\",\"email\":\"sb-ohxbs3912281@business.example.com\"},\"description\":\"Sudagrip\",\"note_to_payee\":\"Orden de Compra\",\"item_list\":{\"items\":[{\"name\":\"Sudagrip\",\"sku\":\"NANI\",\"price\":\"1.00\",\"currency\":\"USD\",\"tax\":\"0.00\",\"quantity\":1}],\"shipping_address\":{\"recipient_name\":\"John Doe\",\"line1\":\"Free Trade Zone\",\"city\":\"Tegucigalpa\",\"state\":\"Tegucigalpa\",\"postal_code\":\"12345\",\"country_code\":\"HN\"}},\"related_resources\":[{\"sale\":{\"id\":\"9BH94821JF766710L\",\"state\":\"completed\",\"amount\":{\"total\":\"1.00\",\"currency\":\"USD\",\"details\":{\"subtotal\":\"1.00\",\"shipping\":\"0.00\",\"insurance\":\"0.00\",\"handling_fee\":\"0.00\",\"shipping_discount\":\"0.00\",\"discount\":\"0.00\"}},\"payment_mode\":\"INSTANT_TRANSFER\",\"protection_eligibility\":\"ELIGIBLE\",\"protection_eligibility_type\":\"ITEM_NOT_RECEIVED_ELIGIBLE,UNAUTHORIZED_PAYMENT_ELIGIBLE\",\"transaction_fee\":{\"value\":\"0.35\",\"currency\":\"USD\"},\"parent_payment\":\"PAYID-L7I26MY14354113XJ0919034\",\"create_time\":\"2020-12-10T05:16:53Z\",\"update_time\":\"2020-12-10T05:16:53Z\",\"links\":[{\"href\":\"https://api.sandbox.paypal.com/v1/payments/sale/9BH94821JF766710L\",\"rel\":\"self\",\"method\":\"GET\"},{\"href\":\"https://api.sandbox.paypal.com/v1/payments/sale/9BH94821JF766710L/refund\",\"rel\":\"refund\",\"method\":\"POST\"},{\"href\":\"https://api.sandbox.paypal.com/v1/payments/payment/PAYID-L7I26MY14354113XJ0919034\",\"rel\":\"parent_payment\",\"method\":\"GET\"}]}}]}],\"create_time\":\"2020-12-10T05:16:35Z\",\"update_time\":\"2020-12-10T05:16:53Z\",\"links\":[{\"href\":\"https://api.sandbox.paypal.com/v1/payments/payment/PAYID-L7I26MY14354113XJ0919034\",\"rel\":\"self\",\"method\":\"GET\"}]}'),(51,'PAYPAL','{\"id\":\"PAYID-L7I26MY14354113XJ0919034\",\"intent\":\"sale\",\"state\":\"approved\",\"cart\":\"2AC2510973610293S\",\"payer\":{\"payment_method\":\"paypal\",\"status\":\"VERIFIED\",\"payer_info\":{\"email\":\"sb-tlm4h3948077@personal.example.com\",\"first_name\":\"John\",\"last_name\":\"Doe\",\"payer_id\":\"J8E2MEN7M735U\",\"shipping_address\":{\"recipient_name\":\"John Doe\",\"line1\":\"Free Trade Zone\",\"city\":\"Tegucigalpa\",\"state\":\"Tegucigalpa\",\"postal_code\":\"12345\",\"country_code\":\"HN\"},\"phone\":\"5047814325\",\"country_code\":\"HN\"}},\"transactions\":[{\"amount\":{\"total\":\"1.00\",\"currency\":\"USD\",\"details\":{\"subtotal\":\"1.00\",\"shipping\":\"0.00\",\"insurance\":\"0.00\",\"handling_fee\":\"0.00\",\"shipping_discount\":\"0.00\",\"discount\":\"0.00\"}},\"payee\":{\"merchant_id\":\"CAMTBSFL85D3W\",\"email\":\"sb-ohxbs3912281@business.example.com\"},\"description\":\"Sudagrip\",\"note_to_payee\":\"Orden de Compra\",\"item_list\":{\"items\":[{\"name\":\"Sudagrip\",\"sku\":\"NANI\",\"price\":\"1.00\",\"currency\":\"USD\",\"tax\":\"0.00\",\"quantity\":1}],\"shipping_address\":{\"recipient_name\":\"John Doe\",\"line1\":\"Free Trade Zone\",\"city\":\"Tegucigalpa\",\"state\":\"Tegucigalpa\",\"postal_code\":\"12345\",\"country_code\":\"HN\"}},\"related_resources\":[{\"sale\":{\"id\":\"9BH94821JF766710L\",\"state\":\"completed\",\"amount\":{\"total\":\"1.00\",\"currency\":\"USD\",\"details\":{\"subtotal\":\"1.00\",\"shipping\":\"0.00\",\"insurance\":\"0.00\",\"handling_fee\":\"0.00\",\"shipping_discount\":\"0.00\",\"discount\":\"0.00\"}},\"payment_mode\":\"INSTANT_TRANSFER\",\"protection_eligibility\":\"ELIGIBLE\",\"protection_eligibility_type\":\"ITEM_NOT_RECEIVED_ELIGIBLE,UNAUTHORIZED_PAYMENT_ELIGIBLE\",\"transaction_fee\":{\"value\":\"0.35\",\"currency\":\"USD\"},\"parent_payment\":\"PAYID-L7I26MY14354113XJ0919034\",\"create_time\":\"2020-12-10T05:16:53Z\",\"update_time\":\"2020-12-10T05:16:53Z\",\"links\":[{\"href\":\"https://api.sandbox.paypal.com/v1/payments/sale/9BH94821JF766710L\",\"rel\":\"self\",\"method\":\"GET\"},{\"href\":\"https://api.sandbox.paypal.com/v1/payments/sale/9BH94821JF766710L/refund\",\"rel\":\"refund\",\"method\":\"POST\"},{\"href\":\"https://api.sandbox.paypal.com/v1/payments/payment/PAYID-L7I26MY14354113XJ0919034\",\"rel\":\"parent_payment\",\"method\":\"GET\"}]}}]}],\"create_time\":\"2020-12-10T05:16:35Z\",\"update_time\":\"2020-12-10T05:16:53Z\",\"links\":[{\"href\":\"https://api.sandbox.paypal.com/v1/payments/payment/PAYID-L7I26MY14354113XJ0919034\",\"rel\":\"self\",\"method\":\"GET\"}]}'),(52,'PAYPAL','{\"id\":\"PAYID-L7I26MY14354113XJ0919034\",\"intent\":\"sale\",\"state\":\"approved\",\"cart\":\"2AC2510973610293S\",\"payer\":{\"payment_method\":\"paypal\",\"status\":\"VERIFIED\",\"payer_info\":{\"email\":\"sb-tlm4h3948077@personal.example.com\",\"first_name\":\"John\",\"last_name\":\"Doe\",\"payer_id\":\"J8E2MEN7M735U\",\"shipping_address\":{\"recipient_name\":\"John Doe\",\"line1\":\"Free Trade Zone\",\"city\":\"Tegucigalpa\",\"state\":\"Tegucigalpa\",\"postal_code\":\"12345\",\"country_code\":\"HN\"},\"phone\":\"5047814325\",\"country_code\":\"HN\"}},\"transactions\":[{\"amount\":{\"total\":\"1.00\",\"currency\":\"USD\",\"details\":{\"subtotal\":\"1.00\",\"shipping\":\"0.00\",\"insurance\":\"0.00\",\"handling_fee\":\"0.00\",\"shipping_discount\":\"0.00\",\"discount\":\"0.00\"}},\"payee\":{\"merchant_id\":\"CAMTBSFL85D3W\",\"email\":\"sb-ohxbs3912281@business.example.com\"},\"description\":\"Sudagrip\",\"note_to_payee\":\"Orden de Compra\",\"item_list\":{\"items\":[{\"name\":\"Sudagrip\",\"sku\":\"NANI\",\"price\":\"1.00\",\"currency\":\"USD\",\"tax\":\"0.00\",\"quantity\":1}],\"shipping_address\":{\"recipient_name\":\"John Doe\",\"line1\":\"Free Trade Zone\",\"city\":\"Tegucigalpa\",\"state\":\"Tegucigalpa\",\"postal_code\":\"12345\",\"country_code\":\"HN\"}},\"related_resources\":[{\"sale\":{\"id\":\"9BH94821JF766710L\",\"state\":\"completed\",\"amount\":{\"total\":\"1.00\",\"currency\":\"USD\",\"details\":{\"subtotal\":\"1.00\",\"shipping\":\"0.00\",\"insurance\":\"0.00\",\"handling_fee\":\"0.00\",\"shipping_discount\":\"0.00\",\"discount\":\"0.00\"}},\"payment_mode\":\"INSTANT_TRANSFER\",\"protection_eligibility\":\"ELIGIBLE\",\"protection_eligibility_type\":\"ITEM_NOT_RECEIVED_ELIGIBLE,UNAUTHORIZED_PAYMENT_ELIGIBLE\",\"transaction_fee\":{\"value\":\"0.35\",\"currency\":\"USD\"},\"parent_payment\":\"PAYID-L7I26MY14354113XJ0919034\",\"create_time\":\"2020-12-10T05:16:53Z\",\"update_time\":\"2020-12-10T05:16:53Z\",\"links\":[{\"href\":\"https://api.sandbox.paypal.com/v1/payments/sale/9BH94821JF766710L\",\"rel\":\"self\",\"method\":\"GET\"},{\"href\":\"https://api.sandbox.paypal.com/v1/payments/sale/9BH94821JF766710L/refund\",\"rel\":\"refund\",\"method\":\"POST\"},{\"href\":\"https://api.sandbox.paypal.com/v1/payments/payment/PAYID-L7I26MY14354113XJ0919034\",\"rel\":\"parent_payment\",\"method\":\"GET\"}]}}]}],\"create_time\":\"2020-12-10T05:16:35Z\",\"update_time\":\"2020-12-10T05:16:53Z\",\"links\":[{\"href\":\"https://api.sandbox.paypal.com/v1/payments/payment/PAYID-L7I26MY14354113XJ0919034\",\"rel\":\"self\",\"method\":\"GET\"}]}'),(53,'PAYPAL','{\"id\":\"PAYID-L7I26MY14354113XJ0919034\",\"intent\":\"sale\",\"state\":\"approved\",\"cart\":\"2AC2510973610293S\",\"payer\":{\"payment_method\":\"paypal\",\"status\":\"VERIFIED\",\"payer_info\":{\"email\":\"sb-tlm4h3948077@personal.example.com\",\"first_name\":\"John\",\"last_name\":\"Doe\",\"payer_id\":\"J8E2MEN7M735U\",\"shipping_address\":{\"recipient_name\":\"John Doe\",\"line1\":\"Free Trade Zone\",\"city\":\"Tegucigalpa\",\"state\":\"Tegucigalpa\",\"postal_code\":\"12345\",\"country_code\":\"HN\"},\"phone\":\"5047814325\",\"country_code\":\"HN\"}},\"transactions\":[{\"amount\":{\"total\":\"1.00\",\"currency\":\"USD\",\"details\":{\"subtotal\":\"1.00\",\"shipping\":\"0.00\",\"insurance\":\"0.00\",\"handling_fee\":\"0.00\",\"shipping_discount\":\"0.00\",\"discount\":\"0.00\"}},\"payee\":{\"merchant_id\":\"CAMTBSFL85D3W\",\"email\":\"sb-ohxbs3912281@business.example.com\"},\"description\":\"Sudagrip\",\"note_to_payee\":\"Orden de Compra\",\"item_list\":{\"items\":[{\"name\":\"Sudagrip\",\"sku\":\"NANI\",\"price\":\"1.00\",\"currency\":\"USD\",\"tax\":\"0.00\",\"quantity\":1}],\"shipping_address\":{\"recipient_name\":\"John Doe\",\"line1\":\"Free Trade Zone\",\"city\":\"Tegucigalpa\",\"state\":\"Tegucigalpa\",\"postal_code\":\"12345\",\"country_code\":\"HN\"}},\"related_resources\":[{\"sale\":{\"id\":\"9BH94821JF766710L\",\"state\":\"completed\",\"amount\":{\"total\":\"1.00\",\"currency\":\"USD\",\"details\":{\"subtotal\":\"1.00\",\"shipping\":\"0.00\",\"insurance\":\"0.00\",\"handling_fee\":\"0.00\",\"shipping_discount\":\"0.00\",\"discount\":\"0.00\"}},\"payment_mode\":\"INSTANT_TRANSFER\",\"protection_eligibility\":\"ELIGIBLE\",\"protection_eligibility_type\":\"ITEM_NOT_RECEIVED_ELIGIBLE,UNAUTHORIZED_PAYMENT_ELIGIBLE\",\"transaction_fee\":{\"value\":\"0.35\",\"currency\":\"USD\"},\"parent_payment\":\"PAYID-L7I26MY14354113XJ0919034\",\"create_time\":\"2020-12-10T05:16:53Z\",\"update_time\":\"2020-12-10T05:16:53Z\",\"links\":[{\"href\":\"https://api.sandbox.paypal.com/v1/payments/sale/9BH94821JF766710L\",\"rel\":\"self\",\"method\":\"GET\"},{\"href\":\"https://api.sandbox.paypal.com/v1/payments/sale/9BH94821JF766710L/refund\",\"rel\":\"refund\",\"method\":\"POST\"},{\"href\":\"https://api.sandbox.paypal.com/v1/payments/payment/PAYID-L7I26MY14354113XJ0919034\",\"rel\":\"parent_payment\",\"method\":\"GET\"}]}}]}],\"create_time\":\"2020-12-10T05:16:35Z\",\"update_time\":\"2020-12-10T05:16:53Z\",\"links\":[{\"href\":\"https://api.sandbox.paypal.com/v1/payments/payment/PAYID-L7I26MY14354113XJ0919034\",\"rel\":\"self\",\"method\":\"GET\"}]}'),(54,'PAYPAL','{\"id\":\"PAYID-L7I3EDY6FA5805425168592M\",\"intent\":\"sale\",\"state\":\"approved\",\"cart\":\"4UL17395VD801445V\",\"payer\":{\"payment_method\":\"paypal\",\"status\":\"VERIFIED\",\"payer_info\":{\"email\":\"sb-tlm4h3948077@personal.example.com\",\"first_name\":\"John\",\"last_name\":\"Doe\",\"payer_id\":\"J8E2MEN7M735U\",\"shipping_address\":{\"recipient_name\":\"John Doe\",\"line1\":\"Free Trade Zone\",\"city\":\"Tegucigalpa\",\"state\":\"Tegucigalpa\",\"postal_code\":\"12345\",\"country_code\":\"HN\"},\"phone\":\"5047814325\",\"country_code\":\"HN\"}},\"transactions\":[{\"amount\":{\"total\":\"1.00\",\"currency\":\"USD\",\"details\":{\"subtotal\":\"1.00\",\"shipping\":\"0.00\",\"insurance\":\"0.00\",\"handling_fee\":\"0.00\",\"shipping_discount\":\"0.00\",\"discount\":\"0.00\"}},\"payee\":{\"merchant_id\":\"CAMTBSFL85D3W\",\"email\":\"sb-ohxbs3912281@business.example.com\"},\"description\":\"Sudagrip\",\"note_to_payee\":\"Orden de Compra\",\"item_list\":{\"items\":[{\"name\":\"Sudagrip\",\"sku\":\"NANI\",\"price\":\"1.00\",\"currency\":\"USD\",\"tax\":\"0.00\",\"quantity\":1}],\"shipping_address\":{\"recipient_name\":\"John Doe\",\"line1\":\"Free Trade Zone\",\"city\":\"Tegucigalpa\",\"state\":\"Tegucigalpa\",\"postal_code\":\"12345\",\"country_code\":\"HN\"}},\"related_resources\":[{\"sale\":{\"id\":\"84H598834E4665447\",\"state\":\"completed\",\"amount\":{\"total\":\"1.00\",\"currency\":\"USD\",\"details\":{\"subtotal\":\"1.00\",\"shipping\":\"0.00\",\"insurance\":\"0.00\",\"handling_fee\":\"0.00\",\"shipping_discount\":\"0.00\",\"discount\":\"0.00\"}},\"payment_mode\":\"INSTANT_TRANSFER\",\"protection_eligibility\":\"ELIGIBLE\",\"protection_eligibility_type\":\"ITEM_NOT_RECEIVED_ELIGIBLE,UNAUTHORIZED_PAYMENT_ELIGIBLE\",\"transaction_fee\":{\"value\":\"0.35\",\"currency\":\"USD\"},\"parent_payment\":\"PAYID-L7I3EDY6FA5805425168592M\",\"create_time\":\"2020-12-10T05:29:01Z\",\"update_time\":\"2020-12-10T05:29:01Z\",\"links\":[{\"href\":\"https://api.sandbox.paypal.com/v1/payments/sale/84H598834E4665447\",\"rel\":\"self\",\"method\":\"GET\"},{\"href\":\"https://api.sandbox.paypal.com/v1/payments/sale/84H598834E4665447/refund\",\"rel\":\"refund\",\"method\":\"POST\"},{\"href\":\"https://api.sandbox.paypal.com/v1/payments/payment/PAYID-L7I3EDY6FA5805425168592M\",\"rel\":\"parent_payment\",\"method\":\"GET\"}]}}]}],\"create_time\":\"2020-12-10T05:28:47Z\",\"update_time\":\"2020-12-10T05:29:01Z\",\"links\":[{\"href\":\"https://api.sandbox.paypal.com/v1/payments/payment/PAYID-L7I3EDY6FA5805425168592M\",\"rel\":\"self\",\"method\":\"GET\"}]}'),(55,'PAYPAL','{\"id\":\"PAYID-L7I3EUQ2UH80239GC8290613\",\"intent\":\"sale\",\"state\":\"approved\",\"cart\":\"1JA812977S849900K\",\"payer\":{\"payment_method\":\"paypal\",\"status\":\"VERIFIED\",\"payer_info\":{\"email\":\"sb-tlm4h3948077@personal.example.com\",\"first_name\":\"John\",\"last_name\":\"Doe\",\"payer_id\":\"J8E2MEN7M735U\",\"shipping_address\":{\"recipient_name\":\"John Doe\",\"line1\":\"Free Trade Zone\",\"city\":\"Tegucigalpa\",\"state\":\"Tegucigalpa\",\"postal_code\":\"12345\",\"country_code\":\"HN\"},\"phone\":\"5047814325\",\"country_code\":\"HN\"}},\"transactions\":[{\"amount\":{\"total\":\"1.00\",\"currency\":\"USD\",\"details\":{\"subtotal\":\"1.00\",\"shipping\":\"0.00\",\"insurance\":\"0.00\",\"handling_fee\":\"0.00\",\"shipping_discount\":\"0.00\",\"discount\":\"0.00\"}},\"payee\":{\"merchant_id\":\"CAMTBSFL85D3W\",\"email\":\"sb-ohxbs3912281@business.example.com\"},\"description\":\"Sudagrip\",\"note_to_payee\":\"Orden de Compra\",\"item_list\":{\"items\":[{\"name\":\"Sudagrip\",\"sku\":\"NANI\",\"price\":\"1.00\",\"currency\":\"USD\",\"tax\":\"0.00\",\"quantity\":1}],\"shipping_address\":{\"recipient_name\":\"John Doe\",\"line1\":\"Free Trade Zone\",\"city\":\"Tegucigalpa\",\"state\":\"Tegucigalpa\",\"postal_code\":\"12345\",\"country_code\":\"HN\"}},\"related_resources\":[{\"sale\":{\"id\":\"839709573X659551S\",\"state\":\"completed\",\"amount\":{\"total\":\"1.00\",\"currency\":\"USD\",\"details\":{\"subtotal\":\"1.00\",\"shipping\":\"0.00\",\"insurance\":\"0.00\",\"handling_fee\":\"0.00\",\"shipping_discount\":\"0.00\",\"discount\":\"0.00\"}},\"payment_mode\":\"INSTANT_TRANSFER\",\"protection_eligibility\":\"ELIGIBLE\",\"protection_eligibility_type\":\"ITEM_NOT_RECEIVED_ELIGIBLE,UNAUTHORIZED_PAYMENT_ELIGIBLE\",\"transaction_fee\":{\"value\":\"0.35\",\"currency\":\"USD\"},\"parent_payment\":\"PAYID-L7I3EUQ2UH80239GC8290613\",\"create_time\":\"2020-12-10T05:30:07Z\",\"update_time\":\"2020-12-10T05:30:07Z\",\"links\":[{\"href\":\"https://api.sandbox.paypal.com/v1/payments/sale/839709573X659551S\",\"rel\":\"self\",\"method\":\"GET\"},{\"href\":\"https://api.sandbox.paypal.com/v1/payments/sale/839709573X659551S/refund\",\"rel\":\"refund\",\"method\":\"POST\"},{\"href\":\"https://api.sandbox.paypal.com/v1/payments/payment/PAYID-L7I3EUQ2UH80239GC8290613\",\"rel\":\"parent_payment\",\"method\":\"GET\"}]}}]}],\"create_time\":\"2020-12-10T05:29:54Z\",\"update_time\":\"2020-12-10T05:30:07Z\",\"links\":[{\"href\":\"https://api.sandbox.paypal.com/v1/payments/payment/PAYID-L7I3EUQ2UH80239GC8290613\",\"rel\":\"self\",\"method\":\"GET\"}]}'),(56,'PAYPAL','{\"id\":\"PAYID-L7I3EUQ2UH80239GC8290613\",\"intent\":\"sale\",\"state\":\"approved\",\"cart\":\"1JA812977S849900K\",\"payer\":{\"payment_method\":\"paypal\",\"status\":\"VERIFIED\",\"payer_info\":{\"email\":\"sb-tlm4h3948077@personal.example.com\",\"first_name\":\"John\",\"last_name\":\"Doe\",\"payer_id\":\"J8E2MEN7M735U\",\"shipping_address\":{\"recipient_name\":\"John Doe\",\"line1\":\"Free Trade Zone\",\"city\":\"Tegucigalpa\",\"state\":\"Tegucigalpa\",\"postal_code\":\"12345\",\"country_code\":\"HN\"},\"phone\":\"5047814325\",\"country_code\":\"HN\"}},\"transactions\":[{\"amount\":{\"total\":\"1.00\",\"currency\":\"USD\",\"details\":{\"subtotal\":\"1.00\",\"shipping\":\"0.00\",\"insurance\":\"0.00\",\"handling_fee\":\"0.00\",\"shipping_discount\":\"0.00\",\"discount\":\"0.00\"}},\"payee\":{\"merchant_id\":\"CAMTBSFL85D3W\",\"email\":\"sb-ohxbs3912281@business.example.com\"},\"description\":\"Sudagrip\",\"note_to_payee\":\"Orden de Compra\",\"item_list\":{\"items\":[{\"name\":\"Sudagrip\",\"sku\":\"NANI\",\"price\":\"1.00\",\"currency\":\"USD\",\"tax\":\"0.00\",\"quantity\":1}],\"shipping_address\":{\"recipient_name\":\"John Doe\",\"line1\":\"Free Trade Zone\",\"city\":\"Tegucigalpa\",\"state\":\"Tegucigalpa\",\"postal_code\":\"12345\",\"country_code\":\"HN\"}},\"related_resources\":[{\"sale\":{\"id\":\"839709573X659551S\",\"state\":\"completed\",\"amount\":{\"total\":\"1.00\",\"currency\":\"USD\",\"details\":{\"subtotal\":\"1.00\",\"shipping\":\"0.00\",\"insurance\":\"0.00\",\"handling_fee\":\"0.00\",\"shipping_discount\":\"0.00\",\"discount\":\"0.00\"}},\"payment_mode\":\"INSTANT_TRANSFER\",\"protection_eligibility\":\"ELIGIBLE\",\"protection_eligibility_type\":\"ITEM_NOT_RECEIVED_ELIGIBLE,UNAUTHORIZED_PAYMENT_ELIGIBLE\",\"transaction_fee\":{\"value\":\"0.35\",\"currency\":\"USD\"},\"parent_payment\":\"PAYID-L7I3EUQ2UH80239GC8290613\",\"create_time\":\"2020-12-10T05:30:07Z\",\"update_time\":\"2020-12-10T05:30:07Z\",\"links\":[{\"href\":\"https://api.sandbox.paypal.com/v1/payments/sale/839709573X659551S\",\"rel\":\"self\",\"method\":\"GET\"},{\"href\":\"https://api.sandbox.paypal.com/v1/payments/sale/839709573X659551S/refund\",\"rel\":\"refund\",\"method\":\"POST\"},{\"href\":\"https://api.sandbox.paypal.com/v1/payments/payment/PAYID-L7I3EUQ2UH80239GC8290613\",\"rel\":\"parent_payment\",\"method\":\"GET\"}]}}]}],\"create_time\":\"2020-12-10T05:29:54Z\",\"update_time\":\"2020-12-10T05:30:07Z\",\"links\":[{\"href\":\"https://api.sandbox.paypal.com/v1/payments/payment/PAYID-L7I3EUQ2UH80239GC8290613\",\"rel\":\"self\",\"method\":\"GET\"}]}'),(57,'PAYPAL','{\"id\":\"PAYID-L7I3EUQ2UH80239GC8290613\",\"intent\":\"sale\",\"state\":\"approved\",\"cart\":\"1JA812977S849900K\",\"payer\":{\"payment_method\":\"paypal\",\"status\":\"VERIFIED\",\"payer_info\":{\"email\":\"sb-tlm4h3948077@personal.example.com\",\"first_name\":\"John\",\"last_name\":\"Doe\",\"payer_id\":\"J8E2MEN7M735U\",\"shipping_address\":{\"recipient_name\":\"John Doe\",\"line1\":\"Free Trade Zone\",\"city\":\"Tegucigalpa\",\"state\":\"Tegucigalpa\",\"postal_code\":\"12345\",\"country_code\":\"HN\"},\"phone\":\"5047814325\",\"country_code\":\"HN\"}},\"transactions\":[{\"amount\":{\"total\":\"1.00\",\"currency\":\"USD\",\"details\":{\"subtotal\":\"1.00\",\"shipping\":\"0.00\",\"insurance\":\"0.00\",\"handling_fee\":\"0.00\",\"shipping_discount\":\"0.00\",\"discount\":\"0.00\"}},\"payee\":{\"merchant_id\":\"CAMTBSFL85D3W\",\"email\":\"sb-ohxbs3912281@business.example.com\"},\"description\":\"Sudagrip\",\"note_to_payee\":\"Orden de Compra\",\"item_list\":{\"items\":[{\"name\":\"Sudagrip\",\"sku\":\"NANI\",\"price\":\"1.00\",\"currency\":\"USD\",\"tax\":\"0.00\",\"quantity\":1}],\"shipping_address\":{\"recipient_name\":\"John Doe\",\"line1\":\"Free Trade Zone\",\"city\":\"Tegucigalpa\",\"state\":\"Tegucigalpa\",\"postal_code\":\"12345\",\"country_code\":\"HN\"}},\"related_resources\":[{\"sale\":{\"id\":\"839709573X659551S\",\"state\":\"completed\",\"amount\":{\"total\":\"1.00\",\"currency\":\"USD\",\"details\":{\"subtotal\":\"1.00\",\"shipping\":\"0.00\",\"insurance\":\"0.00\",\"handling_fee\":\"0.00\",\"shipping_discount\":\"0.00\",\"discount\":\"0.00\"}},\"payment_mode\":\"INSTANT_TRANSFER\",\"protection_eligibility\":\"ELIGIBLE\",\"protection_eligibility_type\":\"ITEM_NOT_RECEIVED_ELIGIBLE,UNAUTHORIZED_PAYMENT_ELIGIBLE\",\"transaction_fee\":{\"value\":\"0.35\",\"currency\":\"USD\"},\"parent_payment\":\"PAYID-L7I3EUQ2UH80239GC8290613\",\"create_time\":\"2020-12-10T05:30:07Z\",\"update_time\":\"2020-12-10T05:30:07Z\",\"links\":[{\"href\":\"https://api.sandbox.paypal.com/v1/payments/sale/839709573X659551S\",\"rel\":\"self\",\"method\":\"GET\"},{\"href\":\"https://api.sandbox.paypal.com/v1/payments/sale/839709573X659551S/refund\",\"rel\":\"refund\",\"method\":\"POST\"},{\"href\":\"https://api.sandbox.paypal.com/v1/payments/payment/PAYID-L7I3EUQ2UH80239GC8290613\",\"rel\":\"parent_payment\",\"method\":\"GET\"}]}}]}],\"create_time\":\"2020-12-10T05:29:54Z\",\"update_time\":\"2020-12-10T05:30:07Z\",\"links\":[{\"href\":\"https://api.sandbox.paypal.com/v1/payments/payment/PAYID-L7I3EUQ2UH80239GC8290613\",\"rel\":\"self\",\"method\":\"GET\"}]}'),(58,'PAYPAL','{\"id\":\"PAYID-L7I3EUQ2UH80239GC8290613\",\"intent\":\"sale\",\"state\":\"approved\",\"cart\":\"1JA812977S849900K\",\"payer\":{\"payment_method\":\"paypal\",\"status\":\"VERIFIED\",\"payer_info\":{\"email\":\"sb-tlm4h3948077@personal.example.com\",\"first_name\":\"John\",\"last_name\":\"Doe\",\"payer_id\":\"J8E2MEN7M735U\",\"shipping_address\":{\"recipient_name\":\"John Doe\",\"line1\":\"Free Trade Zone\",\"city\":\"Tegucigalpa\",\"state\":\"Tegucigalpa\",\"postal_code\":\"12345\",\"country_code\":\"HN\"},\"phone\":\"5047814325\",\"country_code\":\"HN\"}},\"transactions\":[{\"amount\":{\"total\":\"1.00\",\"currency\":\"USD\",\"details\":{\"subtotal\":\"1.00\",\"shipping\":\"0.00\",\"insurance\":\"0.00\",\"handling_fee\":\"0.00\",\"shipping_discount\":\"0.00\",\"discount\":\"0.00\"}},\"payee\":{\"merchant_id\":\"CAMTBSFL85D3W\",\"email\":\"sb-ohxbs3912281@business.example.com\"},\"description\":\"Sudagrip\",\"note_to_payee\":\"Orden de Compra\",\"item_list\":{\"items\":[{\"name\":\"Sudagrip\",\"sku\":\"NANI\",\"price\":\"1.00\",\"currency\":\"USD\",\"tax\":\"0.00\",\"quantity\":1}],\"shipping_address\":{\"recipient_name\":\"John Doe\",\"line1\":\"Free Trade Zone\",\"city\":\"Tegucigalpa\",\"state\":\"Tegucigalpa\",\"postal_code\":\"12345\",\"country_code\":\"HN\"}},\"related_resources\":[{\"sale\":{\"id\":\"839709573X659551S\",\"state\":\"completed\",\"amount\":{\"total\":\"1.00\",\"currency\":\"USD\",\"details\":{\"subtotal\":\"1.00\",\"shipping\":\"0.00\",\"insurance\":\"0.00\",\"handling_fee\":\"0.00\",\"shipping_discount\":\"0.00\",\"discount\":\"0.00\"}},\"payment_mode\":\"INSTANT_TRANSFER\",\"protection_eligibility\":\"ELIGIBLE\",\"protection_eligibility_type\":\"ITEM_NOT_RECEIVED_ELIGIBLE,UNAUTHORIZED_PAYMENT_ELIGIBLE\",\"transaction_fee\":{\"value\":\"0.35\",\"currency\":\"USD\"},\"parent_payment\":\"PAYID-L7I3EUQ2UH80239GC8290613\",\"create_time\":\"2020-12-10T05:30:07Z\",\"update_time\":\"2020-12-10T05:30:07Z\",\"links\":[{\"href\":\"https://api.sandbox.paypal.com/v1/payments/sale/839709573X659551S\",\"rel\":\"self\",\"method\":\"GET\"},{\"href\":\"https://api.sandbox.paypal.com/v1/payments/sale/839709573X659551S/refund\",\"rel\":\"refund\",\"method\":\"POST\"},{\"href\":\"https://api.sandbox.paypal.com/v1/payments/payment/PAYID-L7I3EUQ2UH80239GC8290613\",\"rel\":\"parent_payment\",\"method\":\"GET\"}]}}]}],\"create_time\":\"2020-12-10T05:29:54Z\",\"update_time\":\"2020-12-10T05:30:07Z\",\"links\":[{\"href\":\"https://api.sandbox.paypal.com/v1/payments/payment/PAYID-L7I3EUQ2UH80239GC8290613\",\"rel\":\"self\",\"method\":\"GET\"}]}'),(59,'PAYPAL','{\"id\":\"PAYID-L7I3EUQ2UH80239GC8290613\",\"intent\":\"sale\",\"state\":\"approved\",\"cart\":\"1JA812977S849900K\",\"payer\":{\"payment_method\":\"paypal\",\"status\":\"VERIFIED\",\"payer_info\":{\"email\":\"sb-tlm4h3948077@personal.example.com\",\"first_name\":\"John\",\"last_name\":\"Doe\",\"payer_id\":\"J8E2MEN7M735U\",\"shipping_address\":{\"recipient_name\":\"John Doe\",\"line1\":\"Free Trade Zone\",\"city\":\"Tegucigalpa\",\"state\":\"Tegucigalpa\",\"postal_code\":\"12345\",\"country_code\":\"HN\"},\"phone\":\"5047814325\",\"country_code\":\"HN\"}},\"transactions\":[{\"amount\":{\"total\":\"1.00\",\"currency\":\"USD\",\"details\":{\"subtotal\":\"1.00\",\"shipping\":\"0.00\",\"insurance\":\"0.00\",\"handling_fee\":\"0.00\",\"shipping_discount\":\"0.00\",\"discount\":\"0.00\"}},\"payee\":{\"merchant_id\":\"CAMTBSFL85D3W\",\"email\":\"sb-ohxbs3912281@business.example.com\"},\"description\":\"Sudagrip\",\"note_to_payee\":\"Orden de Compra\",\"item_list\":{\"items\":[{\"name\":\"Sudagrip\",\"sku\":\"NANI\",\"price\":\"1.00\",\"currency\":\"USD\",\"tax\":\"0.00\",\"quantity\":1}],\"shipping_address\":{\"recipient_name\":\"John Doe\",\"line1\":\"Free Trade Zone\",\"city\":\"Tegucigalpa\",\"state\":\"Tegucigalpa\",\"postal_code\":\"12345\",\"country_code\":\"HN\"}},\"related_resources\":[{\"sale\":{\"id\":\"839709573X659551S\",\"state\":\"completed\",\"amount\":{\"total\":\"1.00\",\"currency\":\"USD\",\"details\":{\"subtotal\":\"1.00\",\"shipping\":\"0.00\",\"insurance\":\"0.00\",\"handling_fee\":\"0.00\",\"shipping_discount\":\"0.00\",\"discount\":\"0.00\"}},\"payment_mode\":\"INSTANT_TRANSFER\",\"protection_eligibility\":\"ELIGIBLE\",\"protection_eligibility_type\":\"ITEM_NOT_RECEIVED_ELIGIBLE,UNAUTHORIZED_PAYMENT_ELIGIBLE\",\"transaction_fee\":{\"value\":\"0.35\",\"currency\":\"USD\"},\"parent_payment\":\"PAYID-L7I3EUQ2UH80239GC8290613\",\"create_time\":\"2020-12-10T05:30:07Z\",\"update_time\":\"2020-12-10T05:30:07Z\",\"links\":[{\"href\":\"https://api.sandbox.paypal.com/v1/payments/sale/839709573X659551S\",\"rel\":\"self\",\"method\":\"GET\"},{\"href\":\"https://api.sandbox.paypal.com/v1/payments/sale/839709573X659551S/refund\",\"rel\":\"refund\",\"method\":\"POST\"},{\"href\":\"https://api.sandbox.paypal.com/v1/payments/payment/PAYID-L7I3EUQ2UH80239GC8290613\",\"rel\":\"parent_payment\",\"method\":\"GET\"}]}}]}],\"create_time\":\"2020-12-10T05:29:54Z\",\"update_time\":\"2020-12-10T05:30:07Z\",\"links\":[{\"href\":\"https://api.sandbox.paypal.com/v1/payments/payment/PAYID-L7I3EUQ2UH80239GC8290613\",\"rel\":\"self\",\"method\":\"GET\"}]}'),(60,'PAYPAL','{\"id\":\"PAYID-L7I3EUQ2UH80239GC8290613\",\"intent\":\"sale\",\"state\":\"approved\",\"cart\":\"1JA812977S849900K\",\"payer\":{\"payment_method\":\"paypal\",\"status\":\"VERIFIED\",\"payer_info\":{\"email\":\"sb-tlm4h3948077@personal.example.com\",\"first_name\":\"John\",\"last_name\":\"Doe\",\"payer_id\":\"J8E2MEN7M735U\",\"shipping_address\":{\"recipient_name\":\"John Doe\",\"line1\":\"Free Trade Zone\",\"city\":\"Tegucigalpa\",\"state\":\"Tegucigalpa\",\"postal_code\":\"12345\",\"country_code\":\"HN\"},\"phone\":\"5047814325\",\"country_code\":\"HN\"}},\"transactions\":[{\"amount\":{\"total\":\"1.00\",\"currency\":\"USD\",\"details\":{\"subtotal\":\"1.00\",\"shipping\":\"0.00\",\"insurance\":\"0.00\",\"handling_fee\":\"0.00\",\"shipping_discount\":\"0.00\",\"discount\":\"0.00\"}},\"payee\":{\"merchant_id\":\"CAMTBSFL85D3W\",\"email\":\"sb-ohxbs3912281@business.example.com\"},\"description\":\"Sudagrip\",\"note_to_payee\":\"Orden de Compra\",\"item_list\":{\"items\":[{\"name\":\"Sudagrip\",\"sku\":\"NANI\",\"price\":\"1.00\",\"currency\":\"USD\",\"tax\":\"0.00\",\"quantity\":1}],\"shipping_address\":{\"recipient_name\":\"John Doe\",\"line1\":\"Free Trade Zone\",\"city\":\"Tegucigalpa\",\"state\":\"Tegucigalpa\",\"postal_code\":\"12345\",\"country_code\":\"HN\"}},\"related_resources\":[{\"sale\":{\"id\":\"839709573X659551S\",\"state\":\"completed\",\"amount\":{\"total\":\"1.00\",\"currency\":\"USD\",\"details\":{\"subtotal\":\"1.00\",\"shipping\":\"0.00\",\"insurance\":\"0.00\",\"handling_fee\":\"0.00\",\"shipping_discount\":\"0.00\",\"discount\":\"0.00\"}},\"payment_mode\":\"INSTANT_TRANSFER\",\"protection_eligibility\":\"ELIGIBLE\",\"protection_eligibility_type\":\"ITEM_NOT_RECEIVED_ELIGIBLE,UNAUTHORIZED_PAYMENT_ELIGIBLE\",\"transaction_fee\":{\"value\":\"0.35\",\"currency\":\"USD\"},\"parent_payment\":\"PAYID-L7I3EUQ2UH80239GC8290613\",\"create_time\":\"2020-12-10T05:30:07Z\",\"update_time\":\"2020-12-10T05:30:07Z\",\"links\":[{\"href\":\"https://api.sandbox.paypal.com/v1/payments/sale/839709573X659551S\",\"rel\":\"self\",\"method\":\"GET\"},{\"href\":\"https://api.sandbox.paypal.com/v1/payments/sale/839709573X659551S/refund\",\"rel\":\"refund\",\"method\":\"POST\"},{\"href\":\"https://api.sandbox.paypal.com/v1/payments/payment/PAYID-L7I3EUQ2UH80239GC8290613\",\"rel\":\"parent_payment\",\"method\":\"GET\"}]}}]}],\"create_time\":\"2020-12-10T05:29:54Z\",\"update_time\":\"2020-12-10T05:30:07Z\",\"links\":[{\"href\":\"https://api.sandbox.paypal.com/v1/payments/payment/PAYID-L7I3EUQ2UH80239GC8290613\",\"rel\":\"self\",\"method\":\"GET\"}]}'),(61,'PAYPAL','{\"id\":\"PAYID-L7LLGWI37P534418G202642E\",\"intent\":\"sale\",\"state\":\"approved\",\"cart\":\"6GX38371NV6236733\",\"payer\":{\"payment_method\":\"paypal\",\"status\":\"VERIFIED\",\"payer_info\":{\"email\":\"sb-tlm4h3948077@personal.example.com\",\"first_name\":\"John\",\"last_name\":\"Doe\",\"payer_id\":\"J8E2MEN7M735U\",\"shipping_address\":{\"recipient_name\":\"John Doe\",\"line1\":\"Free Trade Zone\",\"city\":\"Tegucigalpa\",\"state\":\"Tegucigalpa\",\"postal_code\":\"12345\",\"country_code\":\"HN\"},\"phone\":\"5047814325\",\"country_code\":\"HN\"}},\"transactions\":[{\"amount\":{\"total\":\"12.00\",\"currency\":\"USD\",\"details\":{\"subtotal\":\"12.00\",\"shipping\":\"0.00\",\"insurance\":\"0.00\",\"handling_fee\":\"0.00\",\"shipping_discount\":\"0.00\",\"discount\":\"0.00\"}},\"payee\":{\"merchant_id\":\"CAMTBSFL85D3W\",\"email\":\"sb-ohxbs3912281@business.example.com\"},\"description\":\"acetaminofen\",\"note_to_payee\":\"Orden de Compra\",\"item_list\":{\"items\":[{\"name\":\"acetaminofen\",\"sku\":\"aceta1\",\"price\":\"10.00\",\"currency\":\"USD\",\"tax\":\"0.00\",\"quantity\":1},{\"name\":\"Sudagrip\",\"sku\":\"NANI\",\"price\":\"1.00\",\"currency\":\"USD\",\"tax\":\"0.00\",\"quantity\":2}],\"shipping_address\":{\"recipient_name\":\"John Doe\",\"line1\":\"Free Trade Zone\",\"city\":\"Tegucigalpa\",\"state\":\"Tegucigalpa\",\"postal_code\":\"12345\",\"country_code\":\"HN\"}},\"related_resources\":[{\"sale\":{\"id\":\"1WF58930P8267294U\",\"state\":\"completed\",\"amount\":{\"total\":\"12.00\",\"currency\":\"USD\",\"details\":{\"subtotal\":\"12.00\",\"shipping\":\"0.00\",\"insurance\":\"0.00\",\"handling_fee\":\"0.00\",\"shipping_discount\":\"0.00\",\"discount\":\"0.00\"}},\"payment_mode\":\"INSTANT_TRANSFER\",\"protection_eligibility\":\"ELIGIBLE\",\"protection_eligibility_type\":\"ITEM_NOT_RECEIVED_ELIGIBLE,UNAUTHORIZED_PAYMENT_ELIGIBLE\",\"transaction_fee\":{\"value\":\"0.89\",\"currency\":\"USD\"},\"parent_payment\":\"PAYID-L7LLGWI37P534418G202642E\",\"create_time\":\"2020-12-14T00:35:51Z\",\"update_time\":\"2020-12-14T00:35:51Z\",\"links\":[{\"href\":\"https://api.sandbox.paypal.com/v1/payments/sale/1WF58930P8267294U\",\"rel\":\"self\",\"method\":\"GET\"},{\"href\":\"https://api.sandbox.paypal.com/v1/payments/sale/1WF58930P8267294U/refund\",\"rel\":\"refund\",\"method\":\"POST\"},{\"href\":\"https://api.sandbox.paypal.com/v1/payments/payment/PAYID-L7LLGWI37P534418G202642E\",\"rel\":\"parent_payment\",\"method\":\"GET\"}]}}]}],\"create_time\":\"2020-12-14T00:35:37Z\",\"update_time\":\"2020-12-14T00:35:51Z\",\"links\":[{\"href\":\"https://api.sandbox.paypal.com/v1/payments/payment/PAYID-L7LLGWI37P534418G202642E\",\"rel\":\"self\",\"method\":\"GET\"}]}'),(62,'PAYPAL','{\"id\":\"PAYID-L7LLHDI6AL366502P070032K\",\"intent\":\"sale\",\"state\":\"approved\",\"cart\":\"6FG19502GL813050W\",\"payer\":{\"payment_method\":\"paypal\",\"status\":\"VERIFIED\",\"payer_info\":{\"email\":\"sb-tlm4h3948077@personal.example.com\",\"first_name\":\"John\",\"last_name\":\"Doe\",\"payer_id\":\"J8E2MEN7M735U\",\"shipping_address\":{\"recipient_name\":\"John Doe\",\"line1\":\"Free Trade Zone\",\"city\":\"Tegucigalpa\",\"state\":\"Tegucigalpa\",\"postal_code\":\"12345\",\"country_code\":\"HN\"},\"phone\":\"5047814325\",\"country_code\":\"HN\"}},\"transactions\":[{\"amount\":{\"total\":\"1.00\",\"currency\":\"USD\",\"details\":{\"subtotal\":\"1.00\",\"shipping\":\"0.00\",\"insurance\":\"0.00\",\"handling_fee\":\"0.00\",\"shipping_discount\":\"0.00\",\"discount\":\"0.00\"}},\"payee\":{\"merchant_id\":\"CAMTBSFL85D3W\",\"email\":\"sb-ohxbs3912281@business.example.com\"},\"description\":\"Sudagrip\",\"note_to_payee\":\"Orden de Compra\",\"item_list\":{\"items\":[{\"name\":\"Sudagrip\",\"sku\":\"NANI\",\"price\":\"1.00\",\"currency\":\"USD\",\"tax\":\"0.00\",\"quantity\":1}],\"shipping_address\":{\"recipient_name\":\"John Doe\",\"line1\":\"Free Trade Zone\",\"city\":\"Tegucigalpa\",\"state\":\"Tegucigalpa\",\"postal_code\":\"12345\",\"country_code\":\"HN\"}},\"related_resources\":[{\"sale\":{\"id\":\"9L664873BA7115252\",\"state\":\"completed\",\"amount\":{\"total\":\"1.00\",\"currency\":\"USD\",\"details\":{\"subtotal\":\"1.00\",\"shipping\":\"0.00\",\"insurance\":\"0.00\",\"handling_fee\":\"0.00\",\"shipping_discount\":\"0.00\",\"discount\":\"0.00\"}},\"payment_mode\":\"INSTANT_TRANSFER\",\"protection_eligibility\":\"ELIGIBLE\",\"protection_eligibility_type\":\"ITEM_NOT_RECEIVED_ELIGIBLE,UNAUTHORIZED_PAYMENT_ELIGIBLE\",\"transaction_fee\":{\"value\":\"0.35\",\"currency\":\"USD\"},\"parent_payment\":\"PAYID-L7LLHDI6AL366502P070032K\",\"create_time\":\"2020-12-14T00:36:44Z\",\"update_time\":\"2020-12-14T00:36:44Z\",\"links\":[{\"href\":\"https://api.sandbox.paypal.com/v1/payments/sale/9L664873BA7115252\",\"rel\":\"self\",\"method\":\"GET\"},{\"href\":\"https://api.sandbox.paypal.com/v1/payments/sale/9L664873BA7115252/refund\",\"rel\":\"refund\",\"method\":\"POST\"},{\"href\":\"https://api.sandbox.paypal.com/v1/payments/payment/PAYID-L7LLHDI6AL366502P070032K\",\"rel\":\"parent_payment\",\"method\":\"GET\"}]}}]}],\"create_time\":\"2020-12-14T00:36:29Z\",\"update_time\":\"2020-12-14T00:36:44Z\",\"links\":[{\"href\":\"https://api.sandbox.paypal.com/v1/payments/payment/PAYID-L7LLHDI6AL366502P070032K\",\"rel\":\"self\",\"method\":\"GET\"}]}');
/*!40000 ALTER TABLE `factura_forma_pago` ENABLE KEYS */;
UNLOCK TABLES;

--
-- Table structure for table `funciones`
--

DROP TABLE IF EXISTS `funciones`;
/*!40101 SET @saved_cs_client     = @@character_set_client */;
/*!50503 SET character_set_client = utf8mb4 */;
CREATE TABLE `funciones` (
  `fncod` varchar(45) NOT NULL,
  `fndsc` varchar(45) DEFAULT NULL,
  `fnest` char(3) DEFAULT NULL,
  `fntyp` char(3) DEFAULT NULL,
  PRIMARY KEY (`fncod`)
) ENGINE=InnoDB DEFAULT CHARSET=utf8;
/*!40101 SET character_set_client = @saved_cs_client */;

--
-- Dumping data for table `funciones`
--

LOCK TABLES `funciones` WRITE;
/*!40000 ALTER TABLE `funciones` DISABLE KEYS */;
INSERT INTO `funciones` VALUES ('addtocart','addtocart','ACT','FNC'),('bitacora','bitacora','ACT','PRG'),('cartanon','cartanon','ACT','FNC'),('cartauth','cartauth','ACT','PRG'),('categoria','categoria','ACT','PRG'),('categorias','categorias','ACT','PRG'),('centros_de_cost','centros_de_costos','ACT','PRG'),('centros_de_costos','centros_de_costos','ACT','PRG'),('centro_de_costo','centro_de_costos','ACT','PRG'),('centro_de_costos','centro_de_costos','ACT','PRG'),('checkout','checkout','ACT','PRG'),('checkoutapr','checkoutapr','ACT','PRG'),('checkoutcnl','checkoutcnl','ACT','PRG'),('dashboard','Menu Principal de Administración','ACT','PGR'),('historicos','historicos','ACT','PRG'),('marca','marca','ACT','PRG'),('marcas','marcas','ACT','PRG'),('notificacion','notificacion','ACT','PRG'),('parametros','parametros','ACT','PRG'),('pficha','pficha','ACT','PRG'),('principal','principal','ACT','PRG'),('principal1','principal1','ACT','PRG'),('principios_activos','principios_activos','ACT','PRG'),('principio_activo','principio_activo','ACT','PRG'),('productimg','productimg','ACT','PRG'),('producto','producto','ACT','PRG'),('productos','productos','ACT','PRG'),('programa','Función','ACT','PGR'),('programas','Trabajar con Funciones','ACT','PGR'),('proveedor','proveedor','ACT','PRG'),('proveedores','proveedores','ACT','PRG'),('register','register','ACT','PGR'),('rmvallcart','rmvallcart','ACT','FNC'),('rmvtocart','rmvtocart','ACT','FNC'),('rol','Rol','ACT','PGR'),('roles','Trabajar con Roles','ACT','PGR'),('security','security','ACT','PRG'),('user','Usuario','ACT','PGR'),('users','Trabajar con Usuarios','ACT','PGR');
/*!40000 ALTER TABLE `funciones` ENABLE KEYS */;
UNLOCK TABLES;

--
-- Table structure for table `funciones_roles`
--

DROP TABLE IF EXISTS `funciones_roles`;
/*!40101 SET @saved_cs_client     = @@character_set_client */;
/*!50503 SET character_set_client = utf8mb4 */;
CREATE TABLE `funciones_roles` (
  `rolescod` varchar(45) NOT NULL,
  `fncod` varchar(45) NOT NULL,
  `fnrolest` char(3) DEFAULT NULL,
  `fnexp` datetime DEFAULT NULL,
  PRIMARY KEY (`rolescod`,`fncod`),
  KEY `rol_funcion_key_idx` (`fncod`),
  CONSTRAINT `funcion_rol_key` FOREIGN KEY (`rolescod`) REFERENCES `roles` (`rolescod`) ON DELETE NO ACTION ON UPDATE NO ACTION,
  CONSTRAINT `rol_funcion_key` FOREIGN KEY (`fncod`) REFERENCES `funciones` (`fncod`) ON DELETE NO ACTION ON UPDATE NO ACTION
) ENGINE=InnoDB DEFAULT CHARSET=utf8;
/*!40101 SET character_set_client = @saved_cs_client */;

--
-- Dumping data for table `funciones_roles`
--

LOCK TABLES `funciones_roles` WRITE;
/*!40000 ALTER TABLE `funciones_roles` DISABLE KEYS */;
INSERT INTO `funciones_roles` VALUES ('cliente','addtocart','ACT',NULL),('cliente','cartauth','ACT',NULL),('cliente','checkout','ACT',NULL),('cliente','checkoutapr','ACT',NULL),('cliente','checkoutcnl','ACT',NULL),('cliente','dashboard','ACT',NULL),('cliente','notificacion','ACT',NULL),('cliente','principal1','ACT',NULL),('cliente','rmvallcart','ACT',NULL),('cliente','rmvtocart','ACT',NULL),('publico','cartanon','ACT',NULL),('publico','cartauth','ACT',NULL),('publico','checkout','ACT',NULL),('publico','checkoutapr','ACT',NULL),('publico','checkoutcnl','ACT',NULL),('publico','dashboard','ACT',NULL),('publico','notificacion','ACT',NULL),('publico','principal','ACT',NULL),('publico','principal1','ACT',NULL),('publico','rmvallcart','ACT',NULL),('publico','rmvtocart','ACT',NULL);
/*!40000 ALTER TABLE `funciones_roles` ENABLE KEYS */;
UNLOCK TABLES;

--
-- Table structure for table `marcas`
--

DROP TABLE IF EXISTS `marcas`;
/*!40101 SET @saved_cs_client     = @@character_set_client */;
/*!50503 SET character_set_client = utf8mb4 */;
CREATE TABLE `marcas` (
  `id_marca` int(11) NOT NULL AUTO_INCREMENT,
  `nombre_marca` varchar(45) NOT NULL,
  `estado` char(3) NOT NULL,
  PRIMARY KEY (`id_marca`)
) ENGINE=InnoDB AUTO_INCREMENT=21 DEFAULT CHARSET=utf8mb4;
/*!40101 SET character_set_client = @saved_cs_client */;

--
-- Dumping data for table `marcas`
--

LOCK TABLES `marcas` WRITE;
/*!40000 ALTER TABLE `marcas` DISABLE KEYS */;
INSERT INTO `marcas` VALUES (1,'Bayer','ACT'),(2,'Santel','ACT'),(3,'Aspirina','ACT'),(4,'Espidifen','ACT'),(5,'Algiasdin','ACT'),(6,'Algidol','ACT'),(7,'Apiretal','ACT'),(8,'Nolotil','ACT'),(9,'Metalgial','ACT'),(10,'Clamoxyl','ACT'),(11,'Dolotren','ACT'),(12,'Prozac','ACT'),(13,'Valium','ACT'),(14,'Orfidal','ACT'),(15,'Rivotril','ACT'),(16,'Adolonta','ACT'),(17,'Zaldiar','ACT'),(18,'OxyContin','ACT'),(19,'Adofen','ACT'),(20,'Apiretal','ACT');
/*!40000 ALTER TABLE `marcas` ENABLE KEYS */;
UNLOCK TABLES;

--
-- Table structure for table `principio_activo`
--

DROP TABLE IF EXISTS `principio_activo`;
/*!40101 SET @saved_cs_client     = @@character_set_client */;
/*!50503 SET character_set_client = utf8mb4 */;
CREATE TABLE `principio_activo` (
  `idprincipio_activo` int(11) NOT NULL AUTO_INCREMENT,
  `nombre_principio_activo` varchar(45) NOT NULL,
  `estado` char(3) NOT NULL,
  PRIMARY KEY (`idprincipio_activo`)
) ENGINE=InnoDB AUTO_INCREMENT=14 DEFAULT CHARSET=utf8mb4;
/*!40101 SET character_set_client = @saved_cs_client */;

--
-- Dumping data for table `principio_activo`
--

LOCK TABLES `principio_activo` WRITE;
/*!40000 ALTER TABLE `principio_activo` DISABLE KEYS */;
INSERT INTO `principio_activo` VALUES (1,'Acetaminofen ','ACT'),(2,'Ácido acetilsalicílico','ACT'),(3,'Ibuprofeno','ACT'),(4,'Paracetamol','ACT'),(5,'Metamizol','ACT'),(6,'Amoxicilina','ACT'),(7,'Diclofenaco','ACT'),(8,'Fluoxetina','ACT'),(9,'Diazepam','ACT'),(10,'Lorazepam','ACT'),(11,'Clonazepam','ACT'),(12,'Tramadol','ACT'),(13,'Oxicodona','ACT');
/*!40000 ALTER TABLE `principio_activo` ENABLE KEYS */;
UNLOCK TABLES;

--
-- Table structure for table `productos`
--

DROP TABLE IF EXISTS `productos`;
/*!40101 SET @saved_cs_client     = @@character_set_client */;
/*!50503 SET character_set_client = utf8mb4 */;
CREATE TABLE `productos` (
  `codprd` bigint(18) NOT NULL AUTO_INCREMENT,
  `dscprd` varchar(70) NOT NULL,
  `sdscprd` varchar(255) NOT NULL,
  `ldscprd` text,
  `skuprd` varchar(128) NOT NULL,
  `bcdprd` varchar(128) NOT NULL,
  `stkprd` int(11) NOT NULL,
  `typprd` char(3) NOT NULL,
  `prcprd` decimal(12,2) NOT NULL,
  `idprincipio_activo` varchar(128) NOT NULL,
  `idproveedor` varchar(128) NOT NULL,
  `id_marca` varchar(128) NOT NULL,
  `ctgcod` varchar(128) NOT NULL,
  `urlprd` varchar(255) DEFAULT NULL,
  `urlthbprd` varchar(255) DEFAULT NULL,
  `estprd` char(3) NOT NULL,
  PRIMARY KEY (`codprd`),
  UNIQUE KEY `skuprd_UNIQUE` (`skuprd`),
  UNIQUE KEY `bcdprd_UNIQUE` (`bcdprd`)
) ENGINE=InnoDB AUTO_INCREMENT=3 DEFAULT CHARSET=utf8mb4;
/*!40101 SET character_set_client = @saved_cs_client */;

--
-- Dumping data for table `productos`
--

LOCK TABLES `productos` WRITE;
/*!40000 ALTER TABLE `productos` DISABLE KEYS */;
INSERT INTO `productos` VALUES (1,'acetaminofen','medicamento para reducir la fiebre','El acetaminofén es un medicamento común para aliviar el dolor ligero o moderado de dolores de cabeza, dolores musculares, períodos menstruales, resfriados y gargantas irritadas, dolores de muelas, dolores de espalda y para reducir la fiebre.','aceta1','111',969,'RTL',10.00,'1','1','1','1','','public/prods/1_acetaminofenProd.jpg','ACT'),(2,'Sudagrip','asd','sad','NANI','nan019',92,'RTL',1.00,'1','1','1','1','public/prods/2_sudagripProdChiquita.png','public/prods/2_sudagripProd.png','ACT');
/*!40000 ALTER TABLE `productos` ENABLE KEYS */;
UNLOCK TABLES;

--
-- Table structure for table `proveedores`
--

DROP TABLE IF EXISTS `proveedores`;
/*!40101 SET @saved_cs_client     = @@character_set_client */;
/*!50503 SET character_set_client = utf8mb4 */;
CREATE TABLE `proveedores` (
  `idproveedor` int(11) NOT NULL AUTO_INCREMENT,
  `nombre_proveedor` varchar(45) NOT NULL,
  `telefono_proveedor` varchar(45) DEFAULT NULL,
  `direccion_proveedor` varchar(45) DEFAULT NULL,
  `estado` varchar(45) NOT NULL,
  PRIMARY KEY (`idproveedor`)
) ENGINE=InnoDB AUTO_INCREMENT=8 DEFAULT CHARSET=utf8mb4;
/*!40101 SET character_set_client = @saved_cs_client */;

--
-- Dumping data for table `proveedores`
--

LOCK TABLES `proveedores` WRITE;
/*!40000 ALTER TABLE `proveedores` DISABLE KEYS */;
INSERT INTO `proveedores` VALUES (1,'Snoppy','98924567','Aldea, Las Casitas','ACT'),(2,'Droguería Nacional','98924569','Aldea, Las Casitas','ACT'),(3,'Anpfor ','(504) 2225-2718 (504) 2225-2732 ','Bo. La Granja San Pedro Sula','ACT'),(4,'ANAPROFARH ','(504)230-4301/230-3141/230-4308 ','Tegucigalpa, M.D.C., Honduras ','ACT'),(5,'GRUPO HASTHER','Tel: (504) 2225-0331/ 2225-1055 ','Barrio La Granja, Tegucigalpa','ACT'),(6,'Laboratorios Farsiman ','(504) 553-0321, 557-5210 ','6 Avenida, 5 Calle San Pedro Sula','ACT'),(7,'Grupo Farinter','(504) 2289-6544','Barrio la granja,Tegucigalpa ','ACT');
/*!40000 ALTER TABLE `proveedores` ENABLE KEYS */;
UNLOCK TABLES;

--
-- Table structure for table `roles`
--

DROP TABLE IF EXISTS `roles`;
/*!40101 SET @saved_cs_client     = @@character_set_client */;
/*!50503 SET character_set_client = utf8mb4 */;
CREATE TABLE `roles` (
  `rolescod` varchar(15) NOT NULL,
  `rolesdsc` varchar(45) DEFAULT NULL,
  `rolesest` char(3) DEFAULT NULL,
  PRIMARY KEY (`rolescod`)
) ENGINE=InnoDB DEFAULT CHARSET=utf8;
/*!40101 SET character_set_client = @saved_cs_client */;

--
-- Dumping data for table `roles`
--

LOCK TABLES `roles` WRITE;
/*!40000 ALTER TABLE `roles` DISABLE KEYS */;
INSERT INTO `roles` VALUES ('cliente','Cliente','ACT'),('publico','Publico','ACT');
/*!40000 ALTER TABLE `roles` ENABLE KEYS */;
UNLOCK TABLES;

--
-- Table structure for table `roles_usuarios`
--

DROP TABLE IF EXISTS `roles_usuarios`;
/*!40101 SET @saved_cs_client     = @@character_set_client */;
/*!50503 SET character_set_client = utf8mb4 */;
CREATE TABLE `roles_usuarios` (
  `usercod` bigint(10) NOT NULL,
  `rolescod` varchar(15) NOT NULL,
  `roleuserest` char(3) DEFAULT NULL,
  `roleuserfch` datetime DEFAULT NULL,
  `roleuserexp` datetime DEFAULT NULL,
  PRIMARY KEY (`usercod`,`rolescod`),
  KEY `rol_usuario_key_idx` (`rolescod`),
  CONSTRAINT `rol_usuario_key` FOREIGN KEY (`rolescod`) REFERENCES `roles` (`rolescod`) ON DELETE NO ACTION ON UPDATE NO ACTION,
  CONSTRAINT `usuario_rol_key` FOREIGN KEY (`usercod`) REFERENCES `usuario` (`usercod`) ON DELETE NO ACTION ON UPDATE NO ACTION
) ENGINE=InnoDB DEFAULT CHARSET=utf8;
/*!40101 SET character_set_client = @saved_cs_client */;

--
-- Dumping data for table `roles_usuarios`
--

LOCK TABLES `roles_usuarios` WRITE;
/*!40000 ALTER TABLE `roles_usuarios` DISABLE KEYS */;
INSERT INTO `roles_usuarios` VALUES (8,'cliente','ACT','2020-12-07 23:27:27',NULL),(9,'publico','ACT','2020-12-08 02:00:12',NULL),(10,'cliente','ACT','2020-12-10 00:19:03',NULL),(11,'cliente','ACT','2020-12-10 00:25:16',NULL);
/*!40000 ALTER TABLE `roles_usuarios` ENABLE KEYS */;
UNLOCK TABLES;

--
-- Table structure for table `usuario`
--

DROP TABLE IF EXISTS `usuario`;
/*!40101 SET @saved_cs_client     = @@character_set_client */;
/*!50503 SET character_set_client = utf8mb4 */;
CREATE TABLE `usuario` (
  `usercod` bigint(10) NOT NULL AUTO_INCREMENT,
  `useremail` varchar(80) DEFAULT NULL,
  `username` varchar(80) DEFAULT NULL,
  `userpswd` varchar(128) DEFAULT NULL,
  `userfching` datetime DEFAULT NULL,
  `userpswdest` char(3) DEFAULT NULL,
  `userpswdexp` datetime DEFAULT NULL,
  `userest` char(3) DEFAULT NULL,
  `useractcod` varchar(128) DEFAULT NULL,
  `userpswdchg` varchar(128) DEFAULT NULL,
  `usertipo` char(3) DEFAULT NULL COMMENT 'Tipo de Usuario, Normal, Consultor o Cliente',
  PRIMARY KEY (`usercod`),
  UNIQUE KEY `useremail_UNIQUE` (`useremail`),
  KEY `usertipo` (`usertipo`,`useremail`,`usercod`,`userest`)
) ENGINE=InnoDB AUTO_INCREMENT=12 DEFAULT CHARSET=utf8;
/*!40101 SET character_set_client = @saved_cs_client */;

--
-- Dumping data for table `usuario`
--

LOCK TABLES `usuario` WRITE;
/*!40000 ALTER TABLE `usuario` DISABLE KEYS */;
INSERT INTO `usuario` VALUES (2,'Admin@gemfarma.com','ELIETH COLINDRES','4623c9952b231775c1fcdeae9f61d802','2020-12-02 11:51:53','VGT',NULL,'ACT','',NULL,'ADM'),(3,'consultor@gemfarma.com','Elieth Colindres','31a5b37025f028cf473f0ae1da0385f5','2020-12-02 11:55:00','VGT',NULL,'ACT','',NULL,'CNS'),(4,'Usuario@gemfarma.com','Michael Interiano','4c049316d7621af819b7e3f55a56c6a6','2020-12-02 11:55:50','VGT',NULL,'ACT','',NULL,'USR'),(5,'cliente@gmail.com','Gloria Padilla','dff5c52e23f4dc4e3ff8e09f487e24a0','2020-12-02 11:56:22','VGT',NULL,'ACT','',NULL,'CLT'),(6,'elieth@hotmail.com','','93c0595f6b2bdd7d26760e5c9bffee6a','2020-12-06 00:40:50','VGT',NULL,'ACT','',NULL,'CLT'),(7,'lagloria@gmail.com','Gloria','482a751429ea25559c326b1dc6b8d71c','2020-12-06 19:16:33','VGT',NULL,'ACT','',NULL,'USR'),(8,'1lagloria@gmail.com','Gloria Padilla','0803448ff52ca4f005e49b3e5937714b','2020-12-06 19:40:55','VGT',NULL,'ACT','',NULL,'USR'),(9,'pepe@gemfarma.com','Pepe Alvarado','fa99ffc7f3f4f9148191524dc892b478','2020-12-07 23:42:00','VGT',NULL,'ACT','',NULL,'CLT'),(10,'alemiran@gmail.com','Alejandra Miranda','f6f41613bc1c0066f7ac419e66cc13c9','2020-12-10 00:19:03','VGT',NULL,'ACT','',NULL,'CLT'),(11,'lala@gmail.com','Hola','444e8cf65622eebef2fc7e26c117612f','2020-12-10 00:25:16','VGT',NULL,'ACT','',NULL,'CLT');
/*!40000 ALTER TABLE `usuario` ENABLE KEYS */;
UNLOCK TABLES;

--
-- Dumping events for database 'gemfarma'
--

--
-- Dumping routines for database 'gemfarma'
--
/*!40103 SET TIME_ZONE=@OLD_TIME_ZONE */;

/*!40101 SET SQL_MODE=@OLD_SQL_MODE */;
/*!40014 SET FOREIGN_KEY_CHECKS=@OLD_FOREIGN_KEY_CHECKS */;
/*!40014 SET UNIQUE_CHECKS=@OLD_UNIQUE_CHECKS */;
/*!40101 SET CHARACTER_SET_CLIENT=@OLD_CHARACTER_SET_CLIENT */;
/*!40101 SET CHARACTER_SET_RESULTS=@OLD_CHARACTER_SET_RESULTS */;
/*!40101 SET COLLATION_CONNECTION=@OLD_COLLATION_CONNECTION */;
/*!40111 SET SQL_NOTES=@OLD_SQL_NOTES */;

-- Dump completed on 2020-12-14 22:16:35
